"Supplementary Data 2. All TCGA melanoma samples included in this study with their clinical covariates, MC1R genotype and mutation counts in trinucleotide context. For coding of Column G (tissue_source_site), see Methods.",,,,,,,,,,,,,,,,,,,,,,,,,,,,,,,,,,,,,,,,,,,,,,,,,,,,,,,,,,,,,,,,,,,,,,,,,,,,,,,,,,,,,,,,,,,,,,,,,,,,,,,,,,,,,,,,,,,,,,,,,,,,
BARCODE,age_at_diagnosis,breslow,gender,clark_level,ulceration,tissue_source_site,body_area,tissue_type,V60L,D84E,V92M,R142H,R151C,I155T,R160W,R163Q,D294H,OTHER,other.rscore,rgeno,C.A.in.ACA,C.A.in.ACC,C.A.in.ACG,C.A.in.ACT,C.A.in.CCA,C.A.in.CCC,C.A.in.CCG,C.A.in.CCT,C.A.in.GCA,C.A.in.GCC,C.A.in.GCG,C.A.in.GCT,C.A.in.TCA,C.A.in.TCC,C.A.in.TCG,C.A.in.TCT,C.G.in.ACA,C.G.in.ACC,C.G.in.ACG,C.G.in.ACT,C.G.in.CCA,C.G.in.CCC,C.G.in.CCG,C.G.in.CCT,C.G.in.GCA,C.G.in.GCC,C.G.in.GCG,C.G.in.GCT,C.G.in.TCA,C.G.in.TCC,C.G.in.TCG,C.G.in.TCT,C.T.in.ACA,C.T.in.ACC,C.T.in.ACG,C.T.in.ACT,C.T.in.CCA,C.T.in.CCC,C.T.in.CCG,C.T.in.CCT,C.T.in.GCA,C.T.in.GCC,C.T.in.GCG,C.T.in.GCT,C.T.in.TCA,C.T.in.TCC,C.T.in.TCG,C.T.in.TCT,T.A.in.ATA,T.A.in.ATC,T.A.in.ATG,T.A.in.ATT,T.A.in.CTA,T.A.in.CTC,T.A.in.CTG,T.A.in.CTT,T.A.in.GTA,T.A.in.GTC,T.A.in.GTG,T.A.in.GTT,T.A.in.TTA,T.A.in.TTC,T.A.in.TTG,T.A.in.TTT,T.C.in.ATA,T.C.in.ATC,T.C.in.ATG,T.C.in.ATT,T.C.in.CTA,T.C.in.CTC,T.C.in.CTG,T.C.in.CTT,T.C.in.GTA,T.C.in.GTC,T.C.in.GTG,T.C.in.GTT,T.C.in.TTA,T.C.in.TTC,T.C.in.TTG,T.C.in.TTT,T.G.in.ATA,T.G.in.ATC,T.G.in.ATG,T.G.in.ATT,T.G.in.CTA,T.G.in.CTC,T.G.in.CTG,T.G.in.CTT,T.G.in.GTA,T.G.in.GTC,T.G.in.GTG,T.G.in.GTT,T.G.in.TTA,T.G.in.TTC,T.G.in.TTG,T.G.in.TTT,T.G,T.C,T.A,C.A,C.G,C.T,totalNonUV,totalSNV
TCGA-BF-A1PV,74,9,FEMALE,IV,YES,BF,Trunk,Primary Tumor,0,0,0,0,0,0,0,2,0,NA,0,"r,r",1,0,0,0,1,0,0,0,0,0,0,0,0,0,0,2,0,1,1,0,0,0,0,1,0,0,0,0,1,1,1,0,1,14,1,3,12,29,12,25,0,8,0,2,30,100,40,24,1,1,0,0,0,0,0,0,0,0,0,0,0,0,1,0,1,0,2,3,1,0,1,2,1,1,2,4,0,0,0,1,0,0,1,0,0,0,0,0,1,0,2,0,0,1,0,1,6,19,3,4,6,301,38,339
TCGA-BF-A1Q0,80,5,MALE,III,YES,BF,Trunk,Primary Tumor,0,0,0,0,0,0,1,0,0,NA,0,"R,0",0,1,0,0,3,1,0,0,0,1,0,1,2,5,0,1,2,0,2,1,2,1,0,2,2,0,3,0,0,1,1,4,1,17,7,5,27,66,15,45,0,17,2,10,84,169,73,48,0,0,3,1,1,2,3,0,1,0,0,1,0,0,1,7,0,1,1,0,0,2,1,6,3,1,2,6,0,6,3,1,0,0,2,2,1,0,3,7,0,0,4,4,3,1,0,3,30,33,20,15,21,586,119,705
TCGA-D3-A1Q1,79,0.4,FEMALE,II,NO,D3,Extremities,Regional Lymph Node,0,0,0,0,0,0,0,0,0,NA,0,"0,0",1,0,1,0,0,0,0,0,1,1,0,0,2,2,0,0,1,1,0,0,1,0,0,1,3,2,0,0,0,0,0,1,0,1,3,0,1,3,2,0,3,0,5,0,1,1,2,1,0,0,0,0,0,0,1,0,0,0,0,0,0,1,0,0,0,0,0,0,1,1,2,1,1,2,0,0,0,1,0,0,0,0,0,0,1,0,0,0,0,0,0,0,1,0,0,0,2,9,2,8,10,23,31,54
TCGA-D3-A1Q3,64,4.6,MALE,NA,YES,D3,Extremities,Regional Lymph Node,0,0,0,0,0,0,0,0,0,95T/M,2,"R,0",0,0,0,0,1,0,1,0,0,0,0,0,0,0,0,0,0,0,0,0,0,0,0,0,0,0,0,1,2,0,0,1,2,0,1,0,0,0,1,1,0,0,1,0,1,1,0,1,0,1,0,1,0,0,0,0,0,0,0,0,0,1,0,2,0,0,1,0,0,0,2,1,1,0,8,1,0,0,3,0,0,0,1,0,0,0,0,1,0,0,0,0,0,0,1,1,4,17,5,2,4,9,32,41
TCGA-D3-A1Q4,53,1.45,FEMALE,IV,YES,D3,Extremities,Regional Lymph Node,0,0,0,0,0,0,0,0,1,NA,0,"R,0",1,1,0,0,2,1,0,2,0,0,0,0,0,1,1,1,1,0,0,0,1,0,1,0,1,0,0,0,2,0,0,0,1,10,2,3,23,31,12,23,1,7,2,3,34,90,29,13,1,1,0,1,0,1,1,0,1,0,1,0,0,0,1,0,1,0,2,2,0,1,0,0,1,0,1,2,0,0,0,0,0,0,1,0,0,1,1,1,0,0,2,1,0,0,0,0,7,10,8,10,6,284,41,325
TCGA-D3-A1Q5,60,NA,MALE,NA,NA,D3,Trunk,Regional Lymph Node,1,0,0,0,1,0,0,0,0,NA,0,"R,r",3,2,3,0,6,5,2,3,0,0,0,1,1,1,0,1,2,0,1,0,1,0,0,0,0,0,0,0,1,1,0,0,0,6,2,7,31,65,12,30,1,13,2,4,27,115,49,26,0,0,2,2,1,0,1,0,0,1,1,0,0,0,0,2,0,1,0,2,2,0,0,1,1,2,1,1,0,0,0,0,2,1,0,0,0,0,0,0,0,0,2,0,0,0,2,0,7,11,10,28,6,390,62,452
TCGA-D3-A1Q6,55,50,MALE,V,NA,D3,Extremities,regional (sub)cutaneous tissue,0,0,0,0,0,0,1,0,0,NA,0,"R,0",1,1,0,0,0,0,1,1,1,1,0,0,1,4,1,2,1,1,0,2,0,3,0,0,0,1,1,0,1,1,0,3,1,24,5,10,80,111,41,91,2,24,3,17,77,224,94,88,1,0,2,0,0,1,1,0,1,1,1,0,2,3,1,5,3,0,1,2,4,1,0,10,1,0,1,11,3,1,0,2,1,1,1,0,0,0,3,0,0,2,2,0,0,1,1,1,13,40,19,14,14,892,100,992
TCGA-D3-A1Q7,42,0.68,FEMALE,III,NO,D3,Trunk,Regional Lymph Node,0,0,0,0,0,0,0,0,0,NA,0,"0,0",0,0,0,0,0,0,1,0,0,0,0,0,0,1,0,0,0,0,0,0,0,0,0,0,0,0,0,0,0,0,0,0,0,1,1,4,8,11,5,11,0,4,0,0,8,30,16,10,0,0,0,0,0,0,0,0,0,0,1,1,0,0,0,0,0,0,1,0,0,0,0,1,0,0,0,0,0,0,0,0,0,0,0,0,0,0,1,0,0,0,0,0,0,0,1,0,2,2,2,2,0,109,8,117
TCGA-D3-A1Q8,33,NA,MALE,NA,NA,D3,NA,Regional Lymph Node,0,0,0,0,1,0,0,0,0,NA,0,"R,0",1,0,1,0,0,0,1,1,0,0,0,0,1,0,0,0,0,0,0,0,0,0,0,0,0,0,0,1,1,2,1,3,1,9,2,3,20,26,11,26,1,8,2,4,19,62,29,30,0,0,0,0,0,0,0,1,0,0,0,0,0,0,0,0,0,0,0,1,0,1,1,1,1,1,1,6,1,1,0,0,0,1,1,0,1,1,0,0,0,0,1,0,0,0,0,0,5,15,1,5,8,253,34,287
TCGA-D3-A1Q9,72,6,MALE,V,YES,D3,Extremities,Regional Lymph Node,0,0,0,0,1,0,1,0,0,NA,0,"R,R",0,0,0,0,1,1,0,0,0,0,0,0,1,1,0,3,0,0,0,0,0,0,0,1,0,0,1,0,0,2,0,3,0,0,2,0,0,1,2,0,0,0,1,1,2,1,2,1,0,0,1,0,0,0,0,0,0,0,1,0,0,0,0,0,1,0,1,0,0,0,1,1,0,1,0,2,0,0,0,0,0,0,0,0,0,0,0,1,0,0,0,1,0,0,0,0,2,7,2,7,7,13,25,38
TCGA-D3-A1QA,55,1.12,MALE,III,NO,D3,Extremities,Regional Lymph Node,0,0,0,0,0,0,0,0,0,NA,0,"0,0",0,0,2,0,1,3,1,2,1,0,0,0,0,0,1,4,0,1,0,0,0,1,0,0,0,0,1,1,0,0,1,3,1,15,4,4,31,34,16,48,1,12,6,14,53,122,71,42,1,0,0,2,0,0,0,0,1,0,1,0,0,1,1,2,1,1,1,1,1,1,0,2,0,1,0,4,1,1,1,0,0,0,3,0,0,0,1,0,0,0,1,0,0,1,0,1,7,16,9,15,8,474,55,529
TCGA-D3-A1QB,75,NA,FEMALE,NA,NA,D3,NA,Regional Lymph Node,0,0,0,0,0,0,0,0,0,NA,0,"0,0",1,1,0,0,1,1,0,0,1,0,0,0,2,2,0,0,2,1,1,0,1,0,0,0,1,1,1,0,0,2,0,1,0,15,1,4,28,51,23,31,0,14,1,5,34,90,49,31,0,0,0,0,0,1,1,0,1,0,1,1,1,2,1,3,1,0,1,1,1,2,2,3,0,0,0,3,1,1,1,1,0,0,1,0,0,1,1,1,0,0,3,1,0,0,0,1,9,18,12,9,11,377,59,436
TCGA-D3-A2J6,65,3.2,MALE,IV,YES,D3,Extremities,Regional Lymph Node,0,0,1,0,0,0,0,0,0,NA,0,"r,0",0,0,0,0,1,0,0,0,0,0,0,0,0,1,0,0,0,0,0,0,0,0,0,0,0,0,0,0,0,0,0,0,0,0,2,0,2,0,1,2,0,1,0,0,2,2,3,1,0,0,0,0,0,0,0,0,0,0,0,0,0,0,0,0,0,0,0,0,1,0,0,1,0,0,0,0,2,1,0,0,0,0,0,0,0,0,0,0,0,0,1,0,0,0,0,0,1,5,0,2,0,16,8,24
TCGA-D3-A2J7,67,3.6,MALE,III,YES,D3,Trunk,Regional Lymph Node,0,0,1,0,1,0,0,0,0,NA,0,"R,r",0,0,0,0,1,0,1,0,0,0,0,0,0,2,0,0,0,0,0,0,0,1,2,1,0,1,0,0,0,1,0,0,1,7,2,7,34,43,14,35,0,7,1,5,36,98,47,37,0,0,0,1,0,0,1,0,0,1,1,0,1,1,0,0,0,0,0,2,1,1,0,2,1,0,0,3,1,2,1,0,0,0,0,0,0,0,0,1,0,0,3,0,0,0,0,1,5,14,6,4,6,374,35,409
TCGA-D3-A2J8,48,1.4,MALE,IV,NO,D3,Extremities,Regional Lymph Node,0,0,0,0,2,0,0,0,0,NA,0,"R,R",0,0,0,0,0,1,0,1,0,0,0,1,2,1,0,0,0,0,0,1,0,0,1,0,0,1,0,0,1,0,0,2,4,16,1,6,25,46,10,24,1,5,1,8,48,163,63,48,0,1,0,3,0,1,0,0,0,0,1,1,2,0,2,1,0,1,1,1,1,1,1,5,0,0,0,8,2,0,1,1,0,2,0,0,0,0,1,0,0,1,0,0,1,0,1,1,7,23,12,6,6,469,54,523
TCGA-D3-A2J9,75,21,MALE,V,YES,D3,Trunk,Regional Lymph Node,0,0,1,0,0,0,0,0,0,NA,0,"r,0",0,0,0,0,0,0,0,0,0,0,0,0,0,1,0,1,0,0,0,1,0,0,0,0,0,0,0,0,0,0,0,0,0,3,0,1,4,6,3,7,0,3,1,1,2,13,3,4,0,0,0,0,0,0,0,0,0,0,0,0,0,0,0,1,0,0,0,0,0,0,0,1,1,0,0,1,0,0,1,0,0,0,0,0,0,0,0,0,0,0,0,0,0,0,0,0,0,4,1,2,1,51,8,59
TCGA-D3-A2JA,68,1.2,MALE,III,NO,D3,Trunk,regional (sub)cutaneous tissue,0,0,0,0,0,0,0,0,0,NA,0,"0,0",1,0,1,1,4,1,1,0,1,0,1,1,0,2,1,0,0,0,0,1,1,0,0,4,0,2,1,0,0,0,0,1,0,6,1,3,41,33,15,37,0,17,3,10,38,103,41,24,1,0,1,3,0,1,0,1,1,0,4,0,0,0,2,1,2,0,3,1,2,2,0,5,0,0,0,4,1,0,2,0,0,1,0,0,1,2,0,1,0,1,4,0,1,0,1,1,13,22,15,15,10,372,75,447
TCGA-D3-A2JC,53,NA,FEMALE,NA,NA,D3,NA,Regional Lymph Node,1,0,0,0,0,0,0,0,0,NA,0,"r,0",0,0,0,1,1,0,1,2,0,0,0,0,0,1,0,0,0,1,0,0,0,0,0,1,0,0,0,0,0,1,0,0,0,7,1,2,12,24,4,13,1,9,4,3,13,44,28,18,0,0,0,0,0,1,1,0,0,0,0,0,0,0,0,1,1,0,1,1,0,0,0,0,3,1,0,3,0,0,2,0,0,0,0,0,1,0,0,0,0,0,0,1,0,0,0,0,2,12,3,6,3,183,26,209
TCGA-D3-A2JD,58,18,MALE,V,YES,D3,Extremities,Regional Lymph Node,0,0,0,1,0,0,0,0,0,NA,0,"R,0",0,0,0,0,5,0,1,1,1,0,0,0,0,1,0,0,0,0,1,0,1,1,0,0,0,1,0,0,0,2,0,0,2,12,4,2,22,61,6,36,0,6,2,1,22,108,29,34,1,1,0,1,0,0,0,1,0,0,2,0,0,0,1,1,0,0,1,1,0,0,1,2,1,0,0,2,2,1,0,2,0,0,0,0,0,1,0,4,0,0,1,0,0,2,0,0,8,13,8,9,6,347,44,391
TCGA-D3-A2JF,74,0.28,MALE,III,NO,D3,Extremities,Distant Metastasis,1,0,0,0,0,0,0,0,1,NA,0,"R,r",1,4,2,2,7,2,0,3,2,0,0,0,3,1,0,5,1,2,3,2,0,1,5,0,0,2,1,0,1,2,0,0,4,33,1,12,135,197,60,152,2,33,7,32,179,505,215,118,1,2,3,5,2,1,4,3,0,1,3,2,3,4,4,7,2,0,1,8,2,4,1,9,1,0,2,10,5,1,2,4,2,0,4,1,0,1,1,1,1,0,7,0,1,1,2,3,25,52,45,32,20,1685,174,1859
TCGA-D3-A2JG,30,2.5,FEMALE,IV,NO,D3,Extremities,Regional Lymph Node,0,0,0,0,0,0,0,0,0,NA,0,"0,0",1,1,0,0,1,0,1,1,0,0,0,0,0,2,1,0,1,1,0,0,0,0,0,0,0,0,0,0,0,0,0,0,0,2,0,0,8,19,7,9,0,5,0,5,11,27,13,9,0,0,0,0,0,0,0,1,0,0,1,0,0,0,0,0,0,0,0,1,0,0,0,0,0,0,0,0,0,1,0,2,0,0,0,0,0,1,0,1,0,0,0,0,0,0,0,0,2,4,2,8,2,115,18,133
TCGA-D3-A2JH,68,1,MALE,II,NO,D3,Extremities,regional (sub)cutaneous tissue,0,0,0,0,1,0,0,0,0,NA,0,"R,0",2,1,0,0,2,2,2,1,1,2,0,0,2,2,0,0,0,1,2,0,0,2,1,0,1,1,0,0,1,2,0,1,0,25,4,5,36,74,22,40,1,20,3,13,59,129,73,44,1,2,1,3,1,0,3,3,0,0,1,2,0,0,0,3,2,1,2,0,1,2,0,4,1,0,0,6,2,3,2,1,0,2,3,0,2,1,1,0,0,0,2,2,2,1,2,0,18,27,20,17,12,548,94,642
TCGA-D3-A2JK,24,4.3,MALE,IV,YES,D3,Trunk,Regional Lymph Node,0,0,1,0,0,0,0,0,0,NA,0,"r,0",0,1,0,1,2,1,1,2,0,0,0,0,0,0,0,0,0,0,1,0,0,0,0,0,0,0,0,0,1,0,0,1,1,13,2,4,33,31,14,23,0,10,1,8,27,86,35,27,1,0,0,1,1,0,4,0,0,0,3,0,0,1,0,0,2,0,0,1,0,0,1,0,0,0,0,0,2,0,2,0,0,0,1,0,0,0,1,1,1,1,1,2,0,1,1,0,10,8,11,8,3,315,40,355
TCGA-D3-A2JL,43,NA,FEMALE,NA,NA,D3,Extremities,Regional Lymph Node,0,0,1,0,0,0,0,0,0,NA,0,"r,0",0,0,0,0,0,1,2,2,0,0,0,1,0,0,0,0,0,2,1,0,0,0,1,1,1,0,1,0,0,2,0,0,2,9,2,3,20,36,18,28,0,11,3,8,33,88,31,34,1,1,0,0,0,0,1,1,0,1,0,0,0,0,2,2,0,1,1,0,0,0,1,1,0,1,0,5,3,4,2,2,0,0,0,0,0,0,0,2,0,0,0,1,0,0,0,0,3,21,9,6,9,326,48,374
TCGA-D3-A2JN,46,NA,FEMALE,NA,NA,D3,NA,Regional Lymph Node,0,0,1,0,0,0,0,0,0,NA,0,"r,0",0,0,0,0,2,1,1,1,2,0,0,0,2,0,1,2,1,2,0,0,0,0,0,1,0,0,0,0,2,2,0,1,0,15,1,2,26,39,13,31,1,14,2,10,40,82,41,23,0,0,0,2,0,0,0,1,0,1,1,1,2,1,0,0,1,0,2,2,0,0,0,3,1,2,1,2,1,0,0,2,0,1,0,0,0,2,1,0,0,0,0,0,0,0,0,2,6,17,9,12,9,340,53,393
TCGA-D3-A2JO,50,NA,FEMALE,NA,YES,D3,Extremities,regional (sub)cutaneous tissue,2,0,0,0,0,0,0,0,0,NA,0,"r,r",3,1,1,0,3,1,1,1,1,0,0,0,1,7,1,1,1,3,2,1,1,1,2,1,1,2,1,0,1,4,1,5,1,18,3,8,40,43,19,43,2,8,4,4,62,178,65,42,1,1,1,2,2,0,2,2,0,1,3,1,0,1,1,2,3,1,4,2,2,4,4,6,2,1,2,18,4,6,4,1,1,0,2,0,0,0,1,1,0,0,2,1,2,1,0,2,13,64,20,22,27,540,146,686
TCGA-D3-A2JP,37,NA,MALE,NA,NA,D3,NA,Regional Lymph Node,0,0,1,0,1,0,0,0,0,NA,0,"R,r",0,0,0,0,4,0,0,0,0,0,0,0,0,0,0,1,0,0,0,1,0,0,0,0,0,0,0,0,1,1,0,1,2,3,1,3,22,32,10,16,0,8,1,4,27,63,41,25,0,0,1,1,0,0,0,0,0,1,1,0,0,0,0,1,0,0,1,1,3,0,1,2,0,0,2,2,0,1,0,2,0,1,0,0,0,0,0,0,0,0,0,0,0,1,0,1,3,15,5,5,4,258,32,290
TCGA-D3-A3BZ,63,4.6,MALE,V,NO,D3,Head and Neck,Regional Lymph Node,0,0,0,0,0,0,0,2,0,NA,0,"r,r",1,0,0,0,0,0,0,1,1,0,0,1,0,0,0,0,2,0,0,3,0,0,1,0,0,3,0,1,2,1,0,4,0,1,3,0,0,1,1,2,0,0,4,0,2,2,2,0,0,0,0,0,1,0,0,1,0,0,0,0,0,0,0,0,0,0,0,0,0,1,1,2,1,2,0,2,1,0,0,0,0,0,0,0,0,1,0,3,0,0,0,1,0,0,0,1,6,10,2,4,17,18,39,57
TCGA-D3-A3C1,28,NA,MALE,NA,NA,D3,Trunk,Regional Lymph Node,0,0,1,0,0,0,0,0,0,NA,0,"r,0",1,0,0,0,2,0,1,2,0,0,0,0,3,0,1,0,0,0,0,1,0,1,1,2,0,1,0,0,0,0,0,1,4,1,2,4,6,15,14,13,1,10,3,6,14,23,17,14,0,0,0,2,0,0,0,1,0,0,1,0,1,0,1,0,2,0,0,0,0,0,0,0,0,0,2,0,0,0,1,0,0,0,2,0,0,0,1,0,0,0,2,0,0,0,0,0,5,5,6,10,7,147,33,180
TCGA-D3-A3C3,31,NA,FEMALE,NA,NA,D3,Trunk,Regional Lymph Node,1,0,0,0,0,0,1,0,0,NA,0,"R,r",3,1,1,0,7,1,0,1,1,0,0,1,0,3,0,1,2,1,1,1,0,0,2,1,0,0,0,0,2,1,0,4,0,7,7,6,12,38,14,24,0,6,4,2,20,58,22,26,0,0,1,1,0,1,2,1,0,0,2,2,0,2,0,2,0,0,0,1,1,0,2,1,1,2,0,0,3,1,0,0,0,0,1,0,0,0,1,0,1,0,1,2,0,1,0,0,7,12,14,20,15,246,68,314
TCGA-D3-A3C6,54,1.3,FEMALE,IV,NO,D3,Extremities,Regional Lymph Node,0,0,0,0,0,0,0,0,1,NA,0,"R,0",0,0,0,0,7,0,4,1,0,0,0,0,0,0,0,0,0,1,0,0,0,0,0,0,0,0,0,0,0,0,1,0,1,2,3,0,9,19,1,8,0,0,0,1,6,39,15,6,0,0,0,1,0,1,0,0,0,1,1,0,0,0,0,1,0,0,1,0,0,0,1,3,0,0,0,3,0,0,0,0,0,0,0,0,0,1,1,0,0,0,0,0,0,0,0,0,2,8,5,12,2,110,29,139
TCGA-D3-A3C7,57,NA,FEMALE,NA,NA,D3,NA,Regional Lymph Node,0,0,2,0,0,0,0,0,0,NA,0,"r,r",0,0,0,0,3,1,1,0,1,0,0,0,3,3,2,4,0,0,1,3,1,1,1,0,0,0,0,0,1,0,0,3,1,27,3,9,66,119,27,86,2,18,3,13,112,288,120,69,1,1,0,5,0,3,3,11,3,3,1,2,7,6,3,23,2,0,0,6,0,1,3,6,0,2,0,15,3,3,8,7,1,0,2,1,0,1,3,4,1,0,1,2,0,2,1,6,25,56,72,18,11,963,182,1145
TCGA-D3-A3C8,58,NA,FEMALE,NA,NA,D3,Head and Neck,regional (sub)cutaneous tissue,1,0,0,0,0,0,0,0,1,NA,0,"R,r",0,0,0,0,3,0,1,1,0,0,0,0,0,0,0,0,0,1,0,0,0,1,0,0,0,0,0,0,1,0,2,1,0,6,0,2,8,26,6,16,2,6,0,7,36,81,24,20,1,0,1,0,0,1,0,0,2,0,0,0,0,3,0,2,0,0,0,2,0,0,0,3,0,0,1,7,3,1,1,1,0,0,0,0,1,2,1,1,0,0,3,0,0,2,1,1,12,19,10,5,6,240,52,292
TCGA-D3-A3CB,39,1.75,MALE,III,NA,D3,Trunk,Regional Lymph Node,0,0,0,0,0,0,1,0,1,NA,0,"R,R",0,0,0,1,0,1,0,1,0,1,0,0,0,1,0,0,0,0,0,0,0,0,0,1,0,1,0,0,0,0,0,1,1,3,0,2,14,18,3,16,0,4,2,1,21,60,22,17,0,0,0,0,0,0,0,0,1,0,1,0,0,0,2,0,0,0,0,1,0,0,0,0,0,0,0,4,0,0,0,0,2,0,1,0,0,0,0,1,1,0,1,0,0,0,0,0,6,5,4,5,3,184,23,207
TCGA-D3-A3CC,69,7.2,FEMALE,V,YES,D3,Other,regional (sub)cutaneous tissue,0,0,0,0,0,0,0,0,0,NA,0,"0,0",1,0,0,1,0,0,0,0,0,0,0,0,1,3,0,0,1,0,0,1,0,0,0,0,0,0,0,0,3,0,2,4,1,0,1,0,1,0,3,2,0,1,0,3,1,3,0,2,0,1,0,0,1,0,0,0,0,0,0,0,0,0,0,0,0,0,0,1,0,0,0,0,0,0,0,0,0,0,0,0,0,0,0,0,0,0,0,1,0,0,0,0,0,0,0,0,1,1,2,6,11,18,21,39
TCGA-D3-A3CE,74,NA,FEMALE,NA,NA,D3,NA,Regional Lymph Node,0,0,1,0,0,0,0,0,0,NA,0,"r,0",0,0,0,0,0,0,0,0,0,0,0,0,0,0,0,0,2,0,0,1,0,0,1,0,1,0,0,0,0,0,0,0,0,1,2,0,1,2,0,0,0,0,0,0,1,4,2,1,0,1,0,0,0,1,0,0,0,1,1,0,0,0,0,0,3,0,0,0,0,0,0,0,0,0,0,2,0,0,0,1,0,0,0,0,0,0,0,0,0,0,1,1,0,0,0,0,2,6,4,0,5,14,17,31
TCGA-D3-A3CF,61,9,FEMALE,V,YES,D3,Other,Regional Lymph Node,1,0,0,0,0,0,0,0,0,NA,0,"r,0",0,0,0,0,1,1,0,0,0,0,0,1,0,0,0,1,0,0,0,0,1,0,0,0,0,1,0,0,0,0,0,2,0,2,1,0,1,2,1,1,0,0,0,0,0,1,1,2,0,0,0,0,0,1,0,0,0,0,0,0,0,0,0,0,0,0,0,0,1,0,0,0,0,0,0,2,0,0,0,0,0,0,0,0,0,0,0,0,0,0,0,0,0,0,1,0,1,3,1,4,4,12,13,25
TCGA-D3-A3ML,70,2.3,MALE,IV,NO,D3,Head and Neck,Regional Lymph Node,0,0,0,0,0,0,2,0,0,NA,0,"R,R",0,0,0,1,0,1,1,1,0,1,0,0,4,3,2,2,0,0,1,1,2,0,1,1,0,2,0,0,0,3,2,1,4,24,4,11,86,117,40,66,0,30,3,18,143,317,150,88,4,0,1,4,0,1,2,1,1,0,3,7,2,2,1,5,2,0,4,6,2,4,1,3,6,1,1,20,6,2,4,1,2,0,1,0,0,1,2,2,1,0,3,1,0,1,2,1,17,63,34,16,14,1101,144,1245
TCGA-D3-A3MO,47,NA,MALE,NA,NA,D3,Trunk,regional (sub)cutaneous tissue,0,0,0,0,0,0,1,0,0,NA,0,"R,0",0,0,0,0,2,0,0,1,1,0,0,0,1,0,0,0,0,1,0,0,0,0,0,0,0,0,0,0,1,0,0,2,1,1,4,0,2,6,1,2,1,4,1,1,7,13,6,3,0,0,0,0,0,1,1,0,0,0,2,0,1,0,0,0,1,0,1,0,1,1,0,1,0,0,1,1,0,0,0,0,0,0,0,0,0,0,0,0,1,0,0,0,0,0,0,0,1,7,5,5,4,53,22,75
TCGA-D3-A3MR,42,NA,MALE,NA,NA,D3,NA,regional (sub)cutaneous tissue,0,0,0,0,1,0,0,0,1,NA,0,"R,R",1,1,1,0,1,0,1,3,0,1,0,2,5,5,0,1,0,2,0,1,0,0,2,0,0,0,2,1,1,4,1,3,2,21,4,10,71,109,38,98,1,27,2,12,90,272,119,87,2,0,0,3,0,3,1,1,0,0,1,3,3,3,1,5,2,1,0,3,2,1,0,10,2,1,2,9,2,3,1,9,1,1,0,0,0,2,2,1,1,1,3,0,2,2,0,3,19,48,26,22,17,963,132,1095
TCGA-D3-A3MU,53,2.9,MALE,IV,NO,D3,Trunk,Regional Lymph Node,0,0,1,0,0,0,1,0,0,NA,0,"R,r",0,0,1,0,5,3,2,1,1,0,0,0,1,2,1,2,3,0,0,0,0,0,1,1,1,0,0,0,0,3,1,3,1,14,4,4,38,52,24,45,0,13,1,9,69,171,48,38,1,2,0,2,1,1,0,1,1,0,3,1,3,2,1,4,1,1,0,3,0,0,0,4,1,0,2,4,0,3,0,0,1,0,2,1,0,1,5,2,0,0,5,0,1,2,1,1,22,19,23,19,13,531,96,627
TCGA-D3-A3MV,38,1.2,FEMALE,IV,YES,D3,Extremities,regional (sub)cutaneous tissue,1,0,0,0,1,0,0,0,0,NA,0,"R,r",0,1,0,0,1,3,2,2,0,1,0,0,2,0,0,0,0,0,1,0,0,2,0,0,0,0,0,0,1,0,0,1,3,25,1,4,47,68,22,52,0,17,2,9,82,170,84,50,1,1,0,2,1,2,1,2,1,1,0,1,1,1,1,1,3,1,1,2,0,2,1,4,0,0,0,7,1,2,1,1,1,1,0,0,0,0,1,0,0,1,0,1,0,1,0,2,8,26,17,12,5,636,68,704
TCGA-D3-A51E,39,1.2,FEMALE,III,NA,D3,Extremities,regional (sub)cutaneous tissue,0,0,0,0,0,0,0,0,0,NA,0,"0,0",2,1,0,0,2,2,0,0,0,0,0,0,1,5,0,1,0,1,0,0,1,0,0,0,0,0,0,0,0,0,0,0,0,9,2,2,32,41,13,18,2,11,1,9,23,66,46,21,2,0,0,0,1,2,1,1,0,0,1,1,1,0,0,0,1,1,0,1,0,0,0,2,0,3,1,7,4,1,3,1,0,0,1,0,0,0,0,0,0,0,2,2,1,2,0,1,9,25,10,14,2,296,60,356
TCGA-D3-A51F,51,7,MALE,IV,YES,D3,Extremities,Regional Lymph Node,0,0,0,0,0,0,0,0,0,NA,0,"0,0",2,0,0,0,2,0,0,2,0,0,0,0,1,0,0,0,0,0,0,0,0,0,0,0,0,0,0,0,0,0,0,1,1,1,0,2,12,12,1,10,1,2,1,2,9,16,5,5,0,0,0,1,0,0,0,0,0,0,1,0,0,0,0,2,0,0,0,0,1,0,0,0,0,0,0,1,1,1,0,1,0,0,0,0,0,0,0,0,0,0,0,1,0,0,0,0,1,5,4,7,1,80,18,98
TCGA-D3-A51G,35,0,MALE,I,NA,D3,Trunk,regional (sub)cutaneous tissue,0,0,0,0,0,0,1,0,1,NA,0,"R,R",4,2,2,0,1,0,3,5,2,1,1,2,4,4,2,6,0,1,1,0,0,2,1,1,1,2,1,0,0,4,2,2,2,52,7,18,110,187,67,134,1,51,1,25,133,341,188,122,4,0,0,2,1,0,1,2,0,3,4,1,6,3,0,5,2,1,3,3,1,1,4,7,2,0,1,28,3,1,4,4,0,0,1,0,0,1,2,2,0,1,3,1,1,4,0,7,23,65,32,39,18,1439,177,1616
TCGA-D3-A51H,60,0.91,MALE,IV,YES,D3,Trunk,Regional Lymph Node,0,0,0,0,1,0,0,0,0,NA,0,"R,0",0,0,0,0,0,0,0,0,0,0,0,0,0,0,0,0,0,0,0,0,0,0,0,0,0,0,0,0,0,0,0,0,0,0,0,0,0,2,0,1,0,0,0,1,1,3,0,2,0,0,0,0,0,0,0,0,0,0,0,0,0,0,0,0,1,0,0,0,0,0,0,0,0,0,1,0,0,0,0,0,0,0,0,0,0,0,0,0,0,0,0,0,0,0,0,0,0,2,0,0,0,10,2,12
TCGA-D3-A51J,19,NA,MALE,NA,NA,D3,NA,regional (sub)cutaneous tissue,0,0,0,0,0,0,1,0,0,NA,0,"R,0",2,1,0,0,0,0,2,1,0,0,0,1,2,3,0,1,0,0,2,0,0,1,0,0,0,0,1,0,0,4,0,2,0,9,3,3,52,63,19,44,2,16,1,11,44,144,54,47,0,1,1,2,0,0,1,0,0,1,3,0,0,0,1,2,1,1,2,1,0,0,2,3,0,0,0,4,0,1,0,0,0,0,1,0,0,1,1,0,0,1,4,1,1,0,2,2,14,15,12,13,10,512,64,576
TCGA-D3-A51K,51,0,MALE,I,NA,D3,Extremities,Regional Lymph Node,0,0,0,0,0,0,0,1,0,NA,0,"r,0",0,0,0,0,0,0,0,2,1,1,0,0,1,1,0,1,0,1,0,0,0,0,0,0,0,0,0,0,2,0,0,1,0,0,0,0,1,1,0,1,0,0,4,0,0,1,0,1,0,0,0,0,0,0,0,0,0,0,0,0,0,0,0,0,0,0,0,0,0,0,1,3,1,1,0,0,0,0,0,0,0,0,1,0,0,0,1,1,0,0,0,0,0,1,0,0,4,6,0,7,4,9,21,30
TCGA-D3-A51N,56,NA,FEMALE,NA,NA,D3,NA,Regional Lymph Node,0,0,1,0,0,0,0,0,0,NA,0,"r,0",0,0,0,2,0,0,0,0,0,1,0,0,2,0,0,1,0,0,0,2,0,0,0,0,0,1,0,0,0,2,0,0,2,6,1,2,8,10,6,5,0,1,0,1,6,18,6,16,0,0,0,0,0,1,0,0,0,1,1,0,0,1,1,0,0,1,0,0,1,0,1,0,0,0,1,2,0,0,0,0,0,0,2,0,0,0,0,0,0,0,0,0,0,0,0,0,2,6,5,6,5,88,24,112
TCGA-D3-A51R,60,2.5,MALE,IV,NO,D3,Extremities,Regional Lymph Node,1,0,1,0,0,0,0,0,0,NA,0,"r,r",1,0,0,0,2,0,2,0,2,0,0,0,3,6,2,2,1,0,1,0,1,0,1,0,1,1,1,1,0,0,2,1,2,10,2,3,72,83,32,70,0,26,3,16,103,243,107,56,0,1,2,4,1,0,1,4,0,0,0,0,2,0,1,3,1,1,4,1,1,3,3,2,1,0,0,3,0,1,6,2,0,0,5,0,0,0,1,2,0,0,3,0,0,3,4,2,20,29,19,20,11,828,99,927
TCGA-D3-A51T,59,4.2,FEMALE,IV,YES,D3,Trunk,Regional Lymph Node,0,0,0,0,1,0,0,1,0,NA,0,"R,r",1,1,0,1,6,3,3,4,0,1,0,1,3,5,1,2,0,2,1,1,1,0,2,2,1,0,0,1,0,2,1,1,1,45,2,9,107,171,51,132,1,48,2,22,141,375,169,114,1,1,2,5,2,5,1,7,1,1,0,1,2,4,0,9,2,1,2,1,0,1,1,6,1,0,1,17,2,1,6,5,1,0,1,0,0,2,1,6,0,1,2,1,0,2,1,0,18,47,42,32,15,1390,154,1544
TCGA-D3-A5GN,15,0.6,FEMALE,III,NA,D3,Trunk,Regional Lymph Node,0,1,0,0,0,0,1,0,0,NA,0,"R,R",1,0,0,0,8,1,2,1,1,0,0,1,1,3,0,0,0,1,0,1,0,1,0,0,0,1,1,0,0,2,0,0,0,16,1,6,42,64,25,45,0,23,3,6,59,186,69,39,0,1,0,2,0,1,0,0,0,0,1,0,1,1,0,2,0,0,2,1,0,0,0,2,0,0,0,3,1,3,1,1,0,0,1,0,1,1,1,0,1,0,2,0,0,0,0,1,8,14,9,19,7,584,57,641
TCGA-D3-A5GO,61,4.3,MALE,V,NA,D3,Head and Neck,Distant Metastasis,1,0,0,0,0,0,0,0,0,NA,0,"r,0",1,2,2,1,2,2,1,3,0,0,0,1,4,2,3,8,0,2,0,0,2,0,1,1,1,1,1,3,1,1,0,2,8,56,3,15,133,191,59,154,1,55,4,49,224,554,235,143,1,5,2,3,0,3,4,2,0,1,2,3,3,2,1,13,1,0,5,3,3,2,3,9,3,1,1,11,7,4,5,7,0,0,0,0,0,2,2,0,1,0,2,1,0,0,3,5,16,65,45,32,16,1884,174,2058
TCGA-D3-A5GR,23,0.98,FEMALE,III,NA,D3,Extremities,Regional Lymph Node,0,0,0,0,1,0,1,0,0,NA,0,"R,R",1,1,0,2,2,0,1,0,1,2,0,0,2,4,0,2,0,1,1,0,0,1,1,1,0,1,2,1,0,1,0,1,3,7,1,3,23,27,14,23,4,6,3,6,33,76,31,21,1,1,0,2,0,1,0,1,0,1,1,0,1,0,0,0,1,1,1,1,0,1,1,0,1,0,1,5,2,2,2,2,0,0,0,0,0,2,0,0,0,0,0,0,0,0,0,1,3,21,9,18,11,281,62,343
TCGA-D3-A5GS,58,0.62,MALE,II,NO,D3,Trunk,Regional Lymph Node,1,0,0,0,0,0,0,0,0,NA,0,"r,0",0,1,1,0,2,0,1,0,0,0,0,0,0,0,0,0,2,0,0,0,1,0,0,0,0,1,1,0,0,0,0,0,1,13,1,4,40,62,20,54,0,13,2,6,58,130,45,43,0,0,1,1,0,1,0,0,1,0,3,0,0,0,0,2,1,0,0,0,1,1,2,0,0,0,0,2,3,1,3,0,0,0,0,1,0,0,0,0,0,0,0,0,0,0,2,0,3,14,9,5,5,492,36,528
TCGA-D3-A5GT,43,1.92,MALE,IV,YES,D3,Trunk,Primary Tumor,0,0,0,0,0,0,0,1,0,NA,0,"r,0",1,0,0,0,1,0,0,0,0,0,1,0,1,0,0,1,0,1,0,0,0,0,0,0,1,0,0,0,0,0,0,0,0,1,3,0,0,0,1,0,2,1,2,0,2,0,2,0,0,1,0,0,0,0,0,0,0,0,1,0,0,0,0,0,0,0,0,1,0,0,1,1,0,0,1,0,0,0,0,1,0,0,0,0,0,0,0,0,0,0,0,0,0,0,0,0,0,5,2,5,2,14,14,28
TCGA-D3-A5GU,36,0.48,MALE,III,NO,D3,Extremities,Regional Lymph Node,0,0,0,0,0,0,0,0,1,NA,0,"R,0",1,3,0,2,5,3,0,2,1,1,1,0,3,4,5,7,1,0,0,0,0,1,3,4,1,3,1,0,1,2,1,4,3,33,5,6,76,112,38,91,2,33,8,9,90,189,78,76,0,0,1,3,1,4,1,1,2,1,2,0,0,5,1,5,1,2,1,2,1,1,1,6,0,1,0,2,3,0,4,5,0,0,0,1,0,0,1,3,0,1,0,0,0,0,1,4,11,30,27,38,22,849,128,977
TCGA-D9-A148,40,NA,MALE,NA,NO,D9,Trunk,Regional Lymph Node,0,0,0,0,0,0,1,0,0,NA,0,"R,0",0,1,0,1,0,0,0,0,0,0,0,0,1,3,0,1,1,2,0,1,0,0,1,0,0,1,1,0,0,4,0,1,1,4,4,3,18,32,14,28,1,9,0,6,31,65,26,29,1,0,4,2,1,1,0,2,0,0,1,1,1,0,0,1,0,1,3,2,0,0,1,1,3,0,1,2,2,0,1,1,3,1,0,1,0,1,1,0,0,1,0,1,1,1,0,0,11,18,15,7,12,271,63,334
TCGA-D9-A149,65,NA,FEMALE,NA,NO,D9,Trunk,regional (sub)cutaneous tissue,0,0,0,0,0,0,0,0,0,NA,0,"0,0",0,1,1,0,0,0,2,1,0,0,0,1,2,0,0,1,0,1,0,0,0,0,0,0,1,0,0,0,0,2,0,0,0,6,1,4,18,30,19,16,0,3,0,1,22,61,30,19,2,0,2,1,0,0,0,1,1,0,0,0,0,1,0,0,0,0,1,1,1,1,3,3,0,1,0,1,0,2,1,0,0,0,3,1,0,0,1,0,0,0,0,0,0,1,1,2,9,15,8,9,4,230,45,275
TCGA-D9-A1JW,82,NA,MALE,NA,NO,D9,Head and Neck,Regional Lymph Node,0,0,0,0,0,0,0,0,0,NA,0,"0,0",1,2,0,2,2,5,1,2,2,1,0,0,3,8,2,1,2,0,0,0,1,1,0,1,0,1,0,1,0,2,2,2,6,31,2,5,66,130,35,82,2,42,2,13,77,314,106,72,3,2,4,5,1,2,2,4,3,1,3,1,2,3,1,4,1,0,3,5,3,1,2,3,1,1,3,22,4,0,2,2,0,2,1,1,0,2,3,1,0,2,4,5,0,0,2,1,24,53,41,32,13,985,163,1148
TCGA-D9-A1JX,80,NA,FEMALE,III,NO,D9,Extremities,Regional Lymph Node,0,0,1,1,0,0,0,0,0,NA,0,"R,r",0,1,4,0,0,1,0,0,1,0,0,0,0,0,1,0,0,0,0,0,1,0,0,2,0,1,0,0,3,0,1,0,1,5,4,1,12,17,4,13,0,4,2,1,19,45,35,15,0,0,1,2,1,0,0,1,1,1,2,0,1,0,0,1,0,1,1,0,2,2,0,0,1,0,0,7,1,0,2,0,0,0,1,0,0,0,2,0,0,1,1,0,0,0,0,1,6,17,11,8,8,178,50,228
TCGA-D9-A1X3,63,12,MALE,V,YES,D9,Extremities,regional (sub)cutaneous tissue,0,0,0,0,0,1,0,0,0,NA,0,"R,0",0,0,0,0,2,0,0,0,1,1,0,0,0,1,0,0,1,0,0,0,0,0,0,1,0,0,0,0,0,0,0,0,0,0,5,0,6,2,3,1,0,1,4,0,0,4,1,2,0,0,0,0,0,0,0,0,0,0,0,0,0,0,0,0,1,0,0,2,1,0,1,0,0,0,1,0,0,0,0,0,0,0,0,1,0,0,1,0,1,0,0,0,0,0,0,0,3,6,0,5,2,29,16,45
TCGA-D9-A3Z1,66,1.7,MALE,IV,NA,D9,NA,Regional Lymph Node,0,0,0,0,1,0,0,0,0,NA,0,"R,0",1,1,1,0,0,1,0,1,2,1,0,1,0,5,0,1,1,1,0,0,1,0,1,0,0,1,0,0,0,0,2,1,1,27,4,4,55,66,24,50,2,13,3,4,48,159,70,47,0,0,0,1,0,0,0,2,0,0,1,1,2,2,0,1,2,0,2,0,1,0,1,3,0,1,0,6,3,0,3,0,1,1,2,1,1,0,0,1,1,0,2,1,1,0,1,0,13,22,10,15,8,577,68,645
TCGA-D9-A3Z3,39,3.9,FEMALE,IV,NO,D9,NA,Regional Lymph Node,0,0,0,0,0,0,0,0,0,NA,0,"0,0",0,0,0,0,1,1,0,0,0,0,0,0,0,0,0,1,0,0,0,1,0,0,1,0,0,0,0,0,0,0,0,0,1,5,3,3,11,15,5,10,1,6,2,5,17,42,15,11,0,0,0,1,1,0,0,0,0,1,1,1,2,1,1,0,1,0,0,3,0,0,0,1,1,2,2,0,1,1,0,0,0,0,0,1,0,0,1,1,0,0,1,0,0,0,1,1,6,12,9,3,2,152,32,184
TCGA-D9-A3Z4,54,12,MALE,V,YES,D9,NA,Primary Tumor,0,0,1,0,0,0,0,0,0,NA,0,"r,0",0,0,0,0,2,0,1,2,0,1,0,0,0,0,0,1,1,0,0,1,0,0,0,1,0,0,0,0,1,0,0,0,0,3,3,2,17,24,13,12,2,5,1,5,6,38,13,19,0,0,1,1,1,0,1,0,0,0,0,0,1,1,0,0,0,1,2,0,0,0,1,1,0,1,0,3,0,1,2,0,0,1,2,1,0,0,0,0,0,0,2,1,0,0,0,1,8,12,6,7,4,163,37,200
TCGA-D9-A4Z2,50,25,MALE,IV,YES,D9,Trunk,Primary Tumor,0,0,0,0,0,0,1,0,0,89G/R,2,"R,R",1,0,1,1,0,0,0,0,0,0,0,1,0,0,0,0,0,0,0,0,0,0,1,0,0,0,1,0,0,0,0,0,0,0,0,1,0,1,1,1,0,1,1,0,0,0,2,0,0,0,0,0,0,2,0,0,0,0,1,0,0,0,0,0,0,0,0,0,0,0,1,0,0,2,0,1,0,0,0,1,0,0,0,1,1,0,0,0,0,0,1,0,0,0,0,0,3,5,3,4,2,8,17,25
TCGA-D9-A4Z3,73,75,FEMALE,V,YES,D9,Extremities,Primary Tumor,0,0,0,0,0,0,1,0,0,NA,0,"R,0",2,2,0,2,3,2,1,3,1,1,1,1,3,3,0,2,1,2,2,0,0,2,1,5,1,4,1,3,3,5,3,10,2,45,6,11,68,138,50,75,1,42,4,14,42,289,74,49,0,0,2,3,2,0,0,0,0,2,1,0,0,1,1,0,0,1,1,1,5,4,2,4,1,3,0,3,2,3,6,3,1,1,0,1,0,1,2,0,0,0,3,0,2,0,3,0,14,39,12,27,43,910,135,1045
TCGA-D9-A4Z6,54,NA,MALE,NA,NA,D9,Trunk,Regional Lymph Node,0,0,1,0,0,0,0,0,0,NA,0,"r,0",0,0,0,1,3,0,0,1,0,0,0,0,1,3,0,0,0,1,0,0,0,0,0,1,1,0,0,0,1,3,0,0,2,14,3,4,25,29,8,26,0,3,0,3,36,98,39,20,0,0,0,2,1,1,0,0,0,2,0,0,0,1,0,3,1,0,0,1,0,1,0,1,0,1,0,2,0,1,2,0,0,1,2,1,0,1,0,1,0,0,1,1,0,1,0,0,9,10,10,9,7,310,45,355
TCGA-EB-A1NK,48,8,MALE,IV,YES,EB,Extremities,Primary Tumor,0,0,0,0,0,0,0,0,0,NA,0,"0,0",0,1,0,0,2,0,1,1,0,0,0,0,0,0,0,0,0,0,0,1,0,1,1,0,0,0,1,1,0,2,1,0,1,4,0,0,13,11,6,11,1,3,2,3,16,37,18,13,1,0,0,0,0,1,0,0,0,0,1,0,0,0,0,1,0,0,0,1,0,0,1,1,1,2,1,1,0,0,1,0,0,0,0,0,1,0,0,1,0,0,2,0,1,0,0,0,5,9,4,5,8,139,31,170
TCGA-EB-A24C,56,10,MALE,NA,YES,EB,Trunk,Primary Tumor,0,0,0,0,0,0,0,0,0,NA,0,"0,0",1,0,0,0,2,0,1,1,0,0,0,0,0,0,0,0,0,0,0,0,0,0,0,0,0,0,0,1,0,0,0,0,0,1,2,0,0,1,3,0,1,1,3,0,1,1,2,1,0,0,0,0,1,0,0,0,0,0,1,0,0,0,0,0,0,0,0,0,0,0,0,0,2,0,0,0,0,1,0,1,0,0,0,0,0,0,0,1,0,0,0,0,0,0,1,0,2,4,2,5,1,17,14,31
TCGA-EB-A24D,72,36,MALE,NA,NO,EB,Extremities,Primary Tumor,0,0,1,0,0,0,0,0,0,NA,0,"r,0",3,0,0,1,4,1,1,0,0,0,0,2,1,1,1,0,1,1,0,2,0,0,2,0,1,1,0,1,2,4,3,0,1,26,0,6,49,68,30,59,0,20,1,11,53,163,69,65,1,1,3,1,1,1,2,2,1,0,1,1,1,1,1,2,1,2,2,1,3,0,1,7,1,1,3,7,1,6,0,1,0,1,2,1,2,0,0,1,1,1,1,3,1,1,0,1,16,37,20,15,18,621,106,727
TCGA-EB-A299,63,2,MALE,III,YES,EB,Extremities,Primary Tumor,0,0,1,0,0,0,0,0,0,NA,0,"r,0",1,0,0,0,0,0,0,1,0,0,0,0,0,3,0,0,0,0,0,0,0,0,1,0,0,0,0,0,0,0,0,0,1,8,2,0,11,20,4,10,0,2,1,0,16,46,21,8,0,0,0,0,0,1,0,1,0,0,1,2,0,0,0,0,1,0,0,1,0,0,0,0,2,0,0,0,1,1,0,0,0,0,1,1,0,0,1,0,0,0,0,1,0,0,0,0,4,6,5,5,1,150,21,171
TCGA-EB-A3HV,37,13,MALE,IV,YES,EB,Trunk,Primary Tumor,0,0,0,0,1,0,0,0,0,NA,0,"R,0",0,0,0,0,4,1,1,1,0,0,0,0,0,0,1,1,0,1,0,0,0,0,0,0,0,0,0,0,0,1,0,0,0,0,0,0,5,5,0,5,0,1,3,2,7,10,6,4,0,0,0,0,0,0,0,0,0,0,1,0,1,0,0,0,0,0,0,0,1,0,1,0,0,0,0,0,0,0,0,0,0,0,0,0,0,0,0,0,0,1,0,0,0,0,0,0,1,2,2,9,2,48,16,64
TCGA-EB-A3XB,63,NA,MALE,IV,NA,EB,Trunk,Primary Tumor,1,0,0,0,0,0,0,0,0,NA,0,"r,0",0,0,2,1,2,1,0,0,0,0,1,0,1,6,3,0,2,1,3,0,1,3,0,0,0,0,1,0,0,2,0,0,1,29,5,6,44,55,21,40,4,22,1,7,61,150,72,40,0,0,1,3,0,3,2,1,0,1,3,0,0,1,1,1,0,3,2,4,2,0,2,5,2,1,4,8,1,2,3,2,0,0,1,1,0,0,1,0,0,0,1,2,1,0,0,1,8,41,17,17,13,558,96,654
TCGA-EB-A3XC,74,NA,MALE,NA,YES,EB,Trunk,Primary Tumor,0,0,0,0,0,0,0,0,0,NA,0,"0,0",1,4,2,1,4,2,0,2,1,0,0,0,0,2,1,1,0,1,0,0,0,2,0,2,0,0,0,0,1,3,0,3,2,11,2,4,28,60,22,41,3,14,0,10,40,115,56,36,1,0,0,1,0,2,1,0,1,2,0,2,2,0,0,1,3,2,0,3,2,2,0,3,0,0,1,4,0,1,1,1,1,1,1,0,0,0,2,3,0,0,1,6,0,0,0,3,18,23,13,21,12,444,87,531
TCGA-EB-A3XD,53,NA,FEMALE,NA,NA,EB,Extremities,Primary Tumor,0,0,0,0,0,0,0,0,0,121D/E,2,"R,0",0,0,0,0,1,0,1,0,0,0,0,0,2,1,1,0,0,0,0,0,0,0,0,0,0,0,0,0,0,2,0,0,0,16,1,3,28,43,15,41,2,8,1,2,36,102,59,27,0,0,1,0,1,0,1,0,0,0,1,1,0,0,0,1,0,0,0,0,0,1,1,2,2,0,0,6,0,3,1,0,0,0,0,0,0,0,0,0,0,0,1,0,0,1,0,1,3,16,6,6,2,384,33,417
TCGA-EB-A3XE,77,3,FEMALE,NA,NO,EB,Trunk,Primary Tumor,0,1,0,0,0,0,0,0,0,NA,0,"R,0",0,0,0,1,1,0,0,1,0,0,0,0,0,1,0,0,0,0,0,0,0,0,0,0,0,1,0,0,0,0,0,0,0,0,1,0,1,0,0,0,0,0,2,0,0,4,0,0,0,0,0,0,0,0,1,0,0,0,1,0,0,0,1,0,0,0,0,0,0,0,0,0,0,0,1,1,0,0,1,0,0,0,0,0,0,0,0,0,0,0,0,0,0,0,0,1,1,3,3,4,1,8,12,20
TCGA-EB-A3Y6,56,4.5,FEMALE,NA,YES,EB,Extremities,Primary Tumor,0,0,1,0,0,0,0,0,0,NA,0,"r,0",1,0,0,1,8,3,3,2,1,0,0,0,2,1,2,1,0,0,2,0,2,0,3,0,0,1,0,0,1,1,0,2,3,25,2,6,50,80,35,61,2,24,4,18,71,167,90,60,1,0,0,6,1,0,1,1,0,0,4,2,2,2,1,3,0,0,1,1,0,1,2,5,0,1,1,3,0,2,2,3,0,0,0,1,1,3,0,3,0,0,3,1,0,2,1,0,15,22,24,25,12,698,98,796
TCGA-EB-A3Y7,86,4,FEMALE,NA,NO,EB,Head and Neck,Primary Tumor,0,0,0,0,0,0,0,0,0,NA,0,"0,0",0,3,0,0,4,1,1,3,1,1,0,2,6,3,0,4,2,0,1,2,2,1,3,0,2,0,2,1,1,4,2,3,7,30,1,7,67,130,54,94,0,29,6,23,165,327,155,108,2,3,2,6,1,0,4,0,2,1,6,4,3,2,4,11,5,1,2,6,5,6,6,6,1,1,3,24,6,4,4,4,5,0,4,1,0,3,9,7,0,1,9,1,1,0,2,4,47,84,51,29,26,1203,237,1440
TCGA-EB-A41A,90,7,MALE,NA,YES,EB,Head and Neck,Primary Tumor,0,0,1,1,0,0,0,0,0,NA,0,"R,r",2,3,3,3,4,3,2,6,1,4,1,0,5,11,2,5,0,0,1,0,2,1,2,1,0,2,0,0,1,6,2,4,7,71,2,22,170,214,71,163,5,58,6,47,272,666,294,209,5,1,4,7,4,3,3,4,0,3,8,0,3,4,0,6,5,2,4,2,1,0,8,8,4,0,5,42,9,4,7,2,2,0,2,2,2,2,3,2,0,0,7,1,1,0,0,0,24,103,55,55,22,2277,259,2536
TCGA-EB-A41B,76,28,FEMALE,V,YES,EB,Extremities,Primary Tumor,1,0,1,0,0,0,0,0,0,NA,0,"r,r",1,0,0,0,1,0,0,1,0,0,0,1,0,2,0,0,1,0,1,1,0,2,1,0,0,0,0,0,0,1,0,1,0,9,1,2,29,54,17,42,0,12,2,7,73,148,80,36,0,1,0,0,0,1,0,1,0,0,1,1,1,0,1,1,0,0,0,1,0,1,0,2,1,0,1,1,0,0,0,0,0,0,1,0,1,2,0,0,0,0,2,0,0,0,0,0,6,7,8,6,8,512,35,547
TCGA-EB-A430,NA,18,MALE,IV,YES,EB,Trunk,Primary Tumor,1,0,1,0,0,0,0,0,0,NA,0,"r,r",1,0,0,1,1,0,2,0,0,0,0,1,1,4,0,2,0,0,0,0,0,0,1,0,1,0,0,0,1,0,1,0,0,13,4,3,32,59,19,48,1,10,2,7,37,109,61,29,0,0,0,2,0,1,0,1,0,1,2,1,0,1,1,3,0,2,3,3,1,1,6,1,0,0,0,6,1,3,3,2,0,2,4,1,0,1,2,1,1,0,3,1,1,1,2,1,21,32,13,13,4,434,83,517
TCGA-EB-A431,34,15,MALE,III,YES,EB,Extremities,Primary Tumor,0,0,0,0,0,1,0,0,0,NA,0,"R,0",0,2,0,0,3,4,1,16,1,1,1,1,4,6,1,8,0,0,0,0,0,0,2,2,0,0,0,0,4,4,0,5,2,61,4,9,143,278,97,196,1,46,2,25,207,559,211,181,2,1,1,10,1,10,0,7,2,0,2,3,7,5,4,24,0,3,2,0,1,3,2,9,1,1,0,3,1,7,5,5,0,1,2,3,0,5,2,11,1,2,1,1,0,4,1,7,41,43,79,49,17,2022,229,2251
TCGA-EB-A44N,59,5,MALE,III,YES,EB,Extremities,Primary Tumor,0,0,0,0,1,0,0,0,0,NA,0,"R,0",0,0,0,0,3,1,0,1,0,0,0,0,0,0,0,1,0,0,0,0,1,0,0,0,0,0,1,0,0,0,0,0,1,8,0,0,14,16,7,11,0,3,2,1,11,40,24,12,1,0,1,0,0,0,0,1,1,1,1,0,1,0,0,1,0,0,0,0,0,0,0,1,0,0,0,4,0,1,0,2,0,0,1,0,0,0,1,0,0,0,1,0,0,0,0,0,3,8,8,6,2,150,27,177
TCGA-EB-A44O,69,5,MALE,NA,NO,EB,Trunk,Primary Tumor,0,0,1,0,0,0,1,0,0,NA,0,"R,r",1,0,1,0,2,4,0,0,1,1,1,0,2,3,0,1,1,0,0,1,0,2,1,0,0,0,0,0,0,1,0,1,1,15,5,6,52,73,26,61,0,19,3,13,45,143,71,45,2,0,3,1,1,1,0,1,1,2,0,0,0,2,1,5,1,0,4,0,1,2,1,7,0,1,0,4,4,2,3,4,0,2,0,1,0,1,2,1,0,0,1,3,1,2,0,0,14,34,20,17,7,578,92,670
TCGA-EB-A44P,58,NA,FEMALE,NA,NO,EB,Trunk,Primary Tumor,0,0,1,0,0,0,0,1,0,NA,0,"r,r",0,3,0,1,0,2,1,0,1,0,0,1,0,0,1,1,1,0,2,0,0,0,1,1,0,1,0,0,1,1,0,1,1,19,2,3,26,54,7,43,1,10,1,6,33,101,47,26,2,0,0,2,0,0,0,1,0,1,3,1,1,1,0,1,3,0,2,1,2,0,3,2,0,0,1,7,0,1,5,0,1,0,0,1,0,0,1,0,0,0,1,0,0,1,0,0,5,27,13,11,9,380,65,445
TCGA-EB-A4IS,77,2.5,MALE,NA,YES,EB,Trunk,Primary Tumor,0,0,0,0,0,0,0,0,0,NA,0,"0,0",3,1,0,0,2,4,2,2,3,2,0,0,3,2,1,1,0,1,0,0,0,1,5,1,1,1,0,0,0,1,0,2,2,21,6,9,57,77,25,63,3,23,1,11,51,168,52,51,2,3,0,1,0,2,0,0,2,0,2,2,0,3,0,6,0,1,0,1,1,1,5,3,0,1,0,3,1,3,0,4,2,0,4,0,0,0,0,0,2,1,1,3,1,1,0,3,18,24,23,26,13,620,104,724
TCGA-EB-A4OZ,41,18,FEMALE,V,NO,EB,Trunk,Primary Tumor,0,0,0,0,0,0,0,0,0,NA,0,"0,0",0,0,0,0,0,1,0,0,0,0,0,0,0,1,0,0,0,0,0,0,0,0,0,0,0,0,0,0,1,0,0,0,0,0,0,0,0,0,0,0,0,0,0,0,0,0,0,0,0,0,0,0,0,0,0,1,0,0,0,0,0,0,0,0,1,0,0,0,0,1,0,0,0,0,0,0,0,0,0,0,0,1,0,0,0,0,0,0,0,0,0,0,0,0,0,0,1,2,1,2,1,0,7,7
TCGA-EB-A4P0,82,8,MALE,IV,YES,EB,Trunk,Primary Tumor,0,0,2,0,0,0,0,0,0,NA,0,"r,r",1,1,0,0,3,0,3,0,0,1,0,0,0,1,0,1,0,1,0,1,0,2,0,0,0,0,0,0,1,0,0,0,0,7,2,3,6,30,13,19,0,9,2,9,18,51,13,19,0,0,2,2,1,0,1,0,1,0,1,0,0,1,0,0,1,0,0,1,1,0,0,1,2,0,0,3,1,0,2,0,0,0,5,0,0,2,0,0,0,1,0,1,1,0,0,1,11,12,9,11,5,201,48,249
TCGA-EB-A551,78,NA,FEMALE,NA,NA,EB,Extremities,Primary Tumor,1,0,0,0,0,0,0,0,0,NA,0,"r,0",1,1,0,0,1,0,1,0,1,1,1,0,0,1,0,1,1,0,0,0,0,0,0,1,0,1,1,0,1,1,0,1,1,10,3,7,30,34,15,36,2,14,1,5,40,88,57,30,2,1,0,1,1,2,0,0,3,0,2,0,1,0,0,0,0,0,1,0,0,2,0,3,3,0,2,10,1,0,1,1,0,0,1,0,1,0,0,3,0,2,1,0,0,2,0,0,10,24,13,9,7,373,63,436
TCGA-EB-A553,62,NA,MALE,NA,NA,EB,Trunk,Primary Tumor,0,0,0,0,0,0,1,0,0,NA,0,"R,0",1,2,0,1,5,4,3,2,1,1,0,0,5,4,1,1,2,0,1,2,4,3,0,0,0,1,1,0,2,1,1,3,1,15,7,5,23,42,15,32,1,9,3,5,21,71,34,24,1,0,1,1,0,2,2,2,0,0,1,0,2,0,0,1,4,1,0,1,0,5,2,1,0,3,4,2,1,0,1,2,0,0,5,1,0,1,3,2,3,2,5,2,1,1,1,1,28,27,13,31,21,308,120,428
TCGA-EB-A5SE,73,4,MALE,IV,YES,EB,Trunk,Primary Tumor,0,0,0,0,1,0,0,0,0,NA,0,"R,0",0,0,0,0,0,0,0,2,1,0,0,1,0,1,0,0,0,0,0,1,0,0,0,3,0,0,0,0,2,2,0,1,2,11,2,2,24,33,12,29,1,12,0,11,25,79,38,31,0,1,0,1,0,0,0,0,2,1,2,0,0,0,0,0,1,0,0,2,0,1,0,1,0,1,1,1,1,1,1,0,1,1,0,0,0,0,1,1,0,0,0,1,0,0,1,0,6,11,7,5,9,312,38,350
TCGA-EB-A5UL,71,4,MALE,NA,NA,EB,Trunk,Regional Lymph Node,0,0,1,0,0,0,0,0,0,NA,0,"r,0",1,1,1,0,0,3,1,8,0,0,0,0,3,1,0,5,0,2,0,0,1,1,1,3,0,0,0,2,0,5,0,0,3,16,5,4,41,51,21,33,1,14,2,6,36,106,51,32,0,1,2,1,0,1,2,3,0,2,0,1,0,0,0,4,0,2,1,0,1,2,2,3,1,1,0,3,1,0,2,5,1,1,0,0,0,2,1,3,1,1,1,2,0,2,1,0,16,24,17,24,15,422,96,518
TCGA-EB-A5UM,48,5,FEMALE,NA,YES,EB,Trunk,Primary Tumor,0,0,0,0,0,0,0,0,0,NA,0,"0,0",0,0,0,3,4,3,0,1,1,1,0,0,3,1,0,2,0,0,0,0,0,0,1,0,0,1,0,0,1,0,0,2,2,18,2,5,39,74,32,54,0,27,3,5,46,154,83,45,1,2,0,2,2,0,0,0,0,2,0,0,2,3,1,3,0,0,1,1,0,3,0,3,2,0,1,5,2,1,2,1,0,0,0,1,0,0,0,1,0,1,3,0,0,0,1,1,8,22,18,19,5,589,72,661
TCGA-EB-A5UN,49,14,MALE,IV,YES,EB,Trunk,Distant Metastasis,0,0,1,0,1,0,0,0,0,NA,0,"R,r",1,1,0,0,2,2,1,1,2,1,0,0,1,6,0,1,1,1,2,0,0,1,3,1,0,0,0,1,1,4,4,1,1,44,2,16,64,89,39,75,0,22,0,12,64,186,83,55,3,3,1,3,0,1,1,1,0,1,1,1,2,2,0,6,1,1,1,3,0,3,4,3,0,0,1,9,2,3,5,0,0,1,1,1,0,0,1,0,1,1,2,1,0,0,0,2,11,36,26,19,20,752,112,864
TCGA-EE-A17X,54,0.8,MALE,III,NO,EE,Trunk,Regional Lymph Node,0,0,0,0,0,0,0,0,0,NA,0,"0,0",2,1,0,0,6,3,1,4,1,1,0,5,1,3,0,2,1,0,1,0,1,0,0,1,0,1,0,0,0,3,0,1,3,35,5,6,56,102,31,64,0,22,2,15,110,242,94,72,0,3,2,8,3,1,2,1,2,2,3,1,2,2,1,2,0,2,0,3,0,3,4,1,1,1,0,9,0,2,0,1,1,0,0,0,0,0,0,2,0,0,0,3,1,1,1,3,12,27,35,30,9,859,113,972
TCGA-EE-A17Z,57,29,MALE,V,NO,EE,Trunk,Regional Lymph Node,1,0,0,0,0,0,0,0,0,NA,0,"r,0",0,2,1,0,0,0,0,0,0,0,0,0,0,0,0,0,0,0,1,0,0,0,0,0,0,0,0,1,0,0,2,0,1,0,1,0,0,0,2,2,1,0,1,0,0,0,1,0,0,1,0,0,0,1,0,0,0,0,0,0,0,0,1,0,0,1,0,0,0,0,1,0,0,0,0,1,0,0,0,0,0,0,0,0,0,0,0,0,0,0,0,0,0,0,0,0,0,3,3,3,4,9,13,22
TCGA-EE-A180,69,4.9,MALE,IV,NO,EE,Trunk,Distant Metastasis,0,0,0,0,0,0,1,0,0,NA,0,"R,0",1,1,0,0,4,2,2,3,0,0,0,0,0,0,1,2,0,2,1,0,3,0,1,0,1,0,1,0,0,0,0,2,1,21,9,4,43,78,21,55,5,19,7,7,65,155,84,37,0,1,0,6,0,0,0,0,1,0,0,0,0,0,2,4,2,1,1,4,1,1,2,3,1,2,0,4,2,5,2,3,1,1,2,0,0,1,3,1,0,0,1,0,0,0,1,1,12,34,14,16,11,611,87,698
TCGA-EE-A181,82,2.5,FEMALE,IV,NA,EE,Extremities,Regional Lymph Node,0,0,1,0,0,0,0,0,0,NA,0,"r,0",3,4,0,2,3,4,1,4,3,3,0,1,3,11,1,3,1,0,3,2,1,4,8,3,0,2,0,2,5,8,5,6,1,62,5,23,116,253,40,207,0,79,5,46,227,667,243,222,4,5,3,13,4,4,4,10,0,4,3,3,3,4,5,12,7,3,6,4,2,5,3,16,4,6,5,52,8,8,3,11,2,1,6,1,1,6,17,9,1,2,11,3,5,3,8,11,87,143,81,46,50,2196,407,2603
TCGA-EE-A182,84,14,FEMALE,V,YES,EE,Trunk,Distant Metastasis,0,0,1,0,1,0,0,0,0,NA,0,"R,r",0,0,0,3,5,2,4,2,0,0,1,0,5,7,1,5,0,0,1,1,0,1,3,1,2,1,1,0,0,1,1,2,4,41,8,22,111,166,35,130,3,44,9,30,196,448,216,152,2,3,3,6,0,4,2,1,1,1,0,3,3,4,1,17,4,0,4,6,7,6,3,10,4,2,2,31,9,5,5,7,0,1,0,2,0,2,1,0,1,1,2,2,2,4,1,2,21,105,51,35,15,1615,227,1842
TCGA-EE-A183,48,NA,MALE,I,NA,EE,Trunk,Regional Lymph Node,0,0,0,0,0,0,1,0,0,NA,0,"R,0",0,0,0,0,3,3,5,1,1,2,1,0,1,2,1,1,1,0,0,0,1,1,0,0,1,2,1,0,0,0,1,0,1,23,2,6,33,68,18,45,1,21,2,15,63,190,83,50,2,2,2,1,0,1,1,2,1,0,3,0,0,2,1,4,0,1,2,2,1,1,1,4,1,2,0,9,3,1,2,1,1,0,0,0,0,1,1,1,0,0,2,1,0,4,0,3,14,31,22,21,8,621,96,717
TCGA-EE-A184,72,1.95,MALE,IV,NO,EE,Extremities,Distant Metastasis,0,0,0,0,0,0,1,0,0,NA,0,"R,0",0,0,2,3,101,11,29,76,4,0,0,4,7,7,3,12,0,0,0,0,0,0,0,1,0,0,0,0,1,0,0,1,1,1,5,1,3,2,0,6,2,4,0,3,3,11,8,5,0,0,0,0,0,0,0,0,0,0,0,0,1,0,0,0,0,0,0,0,0,1,0,0,0,0,0,3,1,1,0,1,0,0,5,0,0,0,0,4,0,0,2,0,0,1,0,0,12,7,1,259,3,55,282,337
TCGA-EE-A185,55,6,FEMALE,IV,YES,EE,Extremities,Regional Lymph Node,1,0,0,0,0,0,0,0,0,NA,0,"r,0",1,0,0,1,1,1,0,0,0,0,0,0,1,2,0,2,0,0,0,0,2,0,0,0,0,0,0,0,2,2,0,1,1,7,4,0,21,29,9,21,1,5,1,5,24,48,22,13,2,0,0,1,0,0,0,0,1,0,0,0,0,0,0,1,0,1,0,0,0,0,1,1,1,2,0,1,0,0,1,0,0,0,0,0,0,0,0,0,1,1,0,0,1,0,0,0,3,8,5,9,7,211,32,243
TCGA-EE-A20B,66,2.6,FEMALE,III,NA,EE,Extremities,regional (sub)cutaneous tissue,0,0,0,0,1,0,1,0,0,NA,0,"R,R",0,1,0,0,0,0,0,1,1,0,0,1,0,3,0,0,1,0,0,0,0,0,1,0,0,1,1,0,0,1,0,0,1,2,1,2,8,29,3,18,1,2,2,3,17,48,19,14,0,1,0,0,0,0,2,0,0,0,3,1,0,0,0,0,1,0,4,2,0,0,0,1,1,1,0,4,1,1,1,0,0,0,0,0,0,0,0,0,0,0,2,0,0,1,1,1,5,17,7,7,5,170,41,211
TCGA-EE-A20C,59,NA,MALE,I,NA,EE,Extremities,Distant Metastasis,0,1,0,0,1,0,0,0,0,NA,0,"R,R",2,3,1,2,8,8,4,3,1,2,0,2,7,12,1,6,2,1,4,2,5,4,4,5,2,1,1,2,3,3,3,3,8,64,2,27,147,285,105,196,1,54,7,29,179,562,223,197,1,5,6,13,3,1,6,10,3,0,2,10,6,8,2,28,4,2,3,4,4,2,2,18,7,5,1,55,5,14,9,13,2,1,5,3,1,2,4,6,0,7,1,8,3,5,1,5,54,148,104,62,45,2086,413,2499
TCGA-EE-A20F,53,0.5,MALE,NA,NA,EE,Extremities,Regional Lymph Node,0,0,0,0,0,0,1,0,0,NA,0,"R,0",1,3,0,0,0,1,1,2,2,1,0,0,2,0,1,1,0,0,0,2,0,0,0,1,1,0,0,1,1,1,0,0,0,6,1,7,25,53,9,47,2,12,2,8,44,127,64,58,2,0,0,2,0,1,1,1,1,1,2,0,0,1,2,5,1,0,2,0,0,1,1,1,1,2,1,2,3,0,4,1,0,1,0,0,0,0,2,1,0,0,2,0,0,0,1,1,8,20,19,15,7,465,69,534
TCGA-EE-A20H,56,1.05,MALE,III,NA,EE,Extremities,Distant Metastasis,0,0,0,0,0,0,1,1,0,NA,0,"R,r",3,0,2,1,0,1,1,0,0,2,1,3,1,4,2,2,1,0,0,3,0,0,2,1,0,1,1,0,0,1,0,0,4,27,6,5,46,57,14,47,3,13,5,8,54,175,61,50,1,0,1,4,0,1,1,1,0,0,1,2,2,3,1,12,0,1,3,2,2,5,3,8,0,0,2,24,1,3,1,0,0,0,3,0,0,0,5,2,0,0,3,0,1,3,1,2,20,55,30,23,10,575,138,713
TCGA-EE-A20I,79,NA,MALE,NA,YES,EE,Extremities,regional (sub)cutaneous tissue,0,0,0,0,0,0,0,0,0,NA,0,"0,0",0,0,0,0,0,2,0,0,0,0,0,0,1,0,0,1,1,0,0,0,0,0,0,0,0,1,0,0,1,0,0,0,0,0,3,0,0,1,1,2,0,0,1,0,1,0,1,1,0,0,0,0,0,0,3,0,0,0,0,0,0,0,0,0,0,0,0,0,1,0,0,0,0,1,0,1,0,0,0,0,0,0,0,0,0,0,0,0,0,0,0,0,0,0,0,0,0,3,3,4,3,11,13,24
TCGA-EE-A29A,68,2.3,MALE,IV,NO,EE,Trunk,Distant Metastasis,2,0,0,0,0,0,0,0,0,NA,0,"r,r",0,1,0,0,2,2,0,0,1,0,0,0,0,1,0,1,1,0,0,1,2,0,1,0,0,0,0,0,0,1,0,4,0,6,2,0,18,35,11,34,4,5,1,3,26,84,29,33,1,2,0,1,0,0,0,0,1,0,2,1,1,1,0,1,0,1,0,2,0,0,0,2,0,0,0,0,0,0,0,1,0,1,0,0,0,0,0,1,0,0,0,0,0,0,0,0,2,6,11,8,10,291,37,328
TCGA-EE-A29B,67,4,MALE,III,YES,EE,Extremities,Distant Metastasis,0,0,0,0,0,0,1,0,0,NA,0,"R,0",1,0,0,0,2,1,0,2,0,0,0,0,0,2,0,0,0,0,0,0,0,0,1,1,0,0,0,1,1,2,0,0,2,25,0,3,32,70,16,45,4,15,2,7,73,168,61,54,5,1,1,4,1,0,1,2,0,2,0,1,1,0,0,4,2,0,0,3,2,2,4,3,1,0,1,5,2,5,2,1,0,0,0,1,1,0,2,0,0,0,7,1,0,1,0,3,16,33,23,8,6,577,86,663
TCGA-EE-A29C,20,1.7,MALE,IV,NO,EE,Trunk,Regional Lymph Node,2,0,0,0,0,0,0,0,0,NA,0,"r,r",0,0,0,1,2,0,0,0,1,0,0,0,1,0,0,0,2,2,0,0,0,0,1,0,0,0,1,0,0,2,0,1,0,18,2,7,35,64,18,43,1,15,3,9,37,113,57,40,0,1,1,3,0,1,2,3,0,0,2,0,0,0,1,4,0,0,0,1,1,1,1,2,0,2,0,4,0,2,1,1,0,0,1,1,0,2,1,0,0,0,0,0,0,0,0,0,5,16,18,5,9,462,53,515
TCGA-EE-A29D,87,3.2,MALE,IV,YES,EE,Head and Neck,Regional Lymph Node,0,0,0,0,1,0,0,0,0,213R/W,1,"R,r",4,3,1,4,12,9,2,3,2,3,3,1,10,11,2,4,2,2,2,3,1,0,5,1,2,3,3,1,3,10,2,3,5,111,12,44,320,561,140,359,7,94,8,73,414,1250,514,388,3,5,3,15,4,4,7,8,5,0,6,3,8,1,0,10,3,3,9,10,5,5,9,24,6,5,8,54,15,9,13,9,0,2,8,1,1,3,8,3,1,0,9,3,0,1,6,5,51,187,82,74,43,4300,437,4737
TCGA-EE-A29E,54,3.2,MALE,IV,NO,EE,Extremities,Regional Lymph Node,0,0,0,0,0,0,0,0,0,NA,0,"0,0",3,2,0,0,7,4,2,12,0,2,1,1,4,14,2,7,0,1,0,2,0,5,0,3,0,1,1,2,1,6,0,10,4,117,4,33,249,413,110,366,5,69,1,73,539,1122,465,343,1,4,3,14,0,13,1,14,10,4,4,5,5,19,4,35,2,2,4,2,5,3,3,19,3,1,6,14,2,7,2,5,0,2,4,0,0,4,4,8,0,0,3,1,3,11,1,6,47,80,136,61,32,3913,356,4269
TCGA-EE-A29G,53,7.4,MALE,V,NO,EE,Head and Neck,regional (sub)cutaneous tissue,0,0,0,0,0,0,0,0,0,NA,0,"0,0",3,0,0,0,1,0,0,0,0,0,0,1,1,0,1,0,2,0,1,1,2,1,0,1,0,0,0,0,0,2,2,0,0,9,2,3,17,25,4,16,1,12,0,8,24,73,31,24,0,0,0,4,0,1,0,2,1,0,1,0,1,0,1,0,0,1,3,0,2,2,3,3,1,0,1,10,0,3,1,5,1,0,2,0,0,0,1,1,0,0,1,0,0,1,0,0,7,35,11,7,12,249,72,321
TCGA-EE-A29H,59,1,FEMALE,II,NO,EE,Trunk,Regional Lymph Node,1,0,0,0,0,0,1,0,0,NA,0,"R,r",0,2,0,1,4,0,0,2,0,0,0,0,0,1,0,1,0,1,0,0,1,1,0,0,1,0,0,0,0,1,0,0,1,6,1,1,25,41,15,18,1,9,1,4,32,97,41,38,0,0,0,2,0,0,1,0,0,0,1,0,0,0,4,2,1,1,0,0,0,1,0,3,0,2,1,8,1,1,2,0,0,0,0,0,0,0,0,1,0,0,0,0,0,0,0,0,1,21,10,11,5,331,48,379
TCGA-EE-A29L,78,7,MALE,V,YES,EE,Extremities,Regional Lymph Node,0,0,0,0,0,0,2,0,0,NA,0,"R,R",1,1,0,1,3,4,1,6,1,0,0,0,3,7,2,1,1,1,1,0,2,3,5,1,0,2,0,0,1,1,3,2,3,71,6,11,166,239,73,194,2,65,6,34,255,580,241,163,3,4,2,11,0,6,4,3,2,1,1,3,2,7,5,14,2,1,3,6,5,3,3,21,1,0,2,6,6,8,4,1,2,3,1,1,0,6,8,12,1,1,3,4,1,3,3,8,57,72,68,31,23,2109,251,2360
TCGA-EE-A29M,33,1.02,FEMALE,III,NO,EE,Extremities,Regional Lymph Node,1,1,0,0,0,0,0,0,0,NA,0,"R,r",3,3,0,0,6,5,4,5,1,2,0,1,5,6,1,3,0,1,1,0,3,2,3,2,1,0,2,1,0,5,1,5,3,99,1,19,183,269,80,259,9,74,2,40,314,797,301,252,4,3,6,8,4,6,4,4,0,3,1,3,1,3,1,12,1,0,3,5,3,3,4,10,1,1,1,18,7,2,5,3,3,1,3,2,0,3,1,4,0,1,4,3,2,1,1,3,32,67,63,45,27,2702,234,2936
TCGA-EE-A29N,78,NA,MALE,NA,NA,EE,Trunk,Regional Lymph Node,0,0,0,0,0,0,1,1,0,NA,0,"R,r",1,1,1,0,1,0,0,1,0,2,0,0,0,1,0,1,0,1,1,2,1,4,1,1,0,2,1,0,2,2,0,2,2,18,4,6,40,67,29,60,2,20,1,7,44,154,59,50,2,3,0,0,1,2,1,2,1,2,1,1,1,5,2,3,3,1,1,3,0,1,2,2,0,1,2,7,1,6,4,4,0,2,0,2,0,2,0,3,0,1,0,0,0,1,0,2,13,38,27,9,20,563,107,670
TCGA-EE-A29P,73,4.5,FEMALE,IV,YES,EE,Trunk,Regional Lymph Node,1,0,1,0,0,0,0,0,0,NA,0,"r,r",0,1,0,1,0,1,2,0,0,1,0,0,0,0,0,0,1,0,0,0,0,1,0,0,0,0,1,0,1,0,0,1,0,11,2,3,27,33,9,27,0,14,3,5,26,83,22,21,0,0,0,0,0,0,0,1,1,0,3,0,1,0,0,0,1,0,1,1,0,1,0,1,0,1,0,4,0,3,0,2,0,0,1,1,1,0,0,0,0,0,0,0,0,1,0,0,4,15,6,6,5,286,36,322
TCGA-EE-A29Q,70,2.3,FEMALE,IV,YES,EE,Extremities,regional (sub)cutaneous tissue,0,0,0,0,0,0,0,1,0,NA,0,"r,0",1,0,0,0,1,2,0,0,1,0,0,1,2,1,1,0,0,0,0,1,0,0,1,1,0,0,0,0,2,1,0,1,0,13,1,1,24,37,11,26,1,11,1,11,31,75,41,30,1,1,0,2,2,1,1,0,2,0,1,0,0,0,1,2,1,2,1,0,1,2,1,2,0,1,0,3,2,2,0,6,0,0,0,0,0,0,2,0,0,0,0,0,0,0,0,0,2,24,14,10,7,314,57,371
TCGA-EE-A29R,48,3.5,FEMALE,V,YES,EE,Head and Neck,Regional Lymph Node,0,0,0,0,0,0,0,0,0,NA,0,"0,0",0,0,0,2,1,0,0,1,1,0,0,0,1,6,0,3,0,0,1,0,1,0,0,0,0,0,0,1,1,3,1,0,3,19,0,7,66,91,25,71,0,19,6,14,79,213,92,65,2,1,1,3,0,1,1,0,2,0,1,2,3,1,1,4,1,0,1,2,2,1,1,4,0,0,1,9,4,2,4,1,1,0,1,0,0,0,2,1,1,1,5,0,0,0,1,1,14,33,23,15,8,770,93,863
TCGA-EE-A29S,79,2.5,MALE,IV,NO,EE,Extremities,Regional Lymph Node,1,0,1,0,0,0,0,0,0,NA,0,"r,r",1,2,0,0,2,5,0,1,1,1,0,1,1,6,2,0,0,0,2,0,0,1,3,1,1,1,3,2,0,3,1,2,1,45,2,9,79,124,31,103,2,26,2,22,116,316,141,78,2,2,4,1,3,1,5,2,1,0,2,1,1,3,3,5,4,3,5,8,4,4,5,6,3,2,3,24,6,0,4,1,0,1,3,2,0,2,1,2,0,2,3,1,1,1,4,3,26,82,36,23,20,1097,187,1284
TCGA-EE-A29V,85,3.5,MALE,IV,YES,EE,Head and Neck,Distant Metastasis,0,0,0,0,0,0,0,1,0,NA,0,"r,0",3,1,0,1,3,1,0,3,1,1,0,0,2,4,0,1,1,1,1,1,1,0,2,2,0,1,1,1,1,1,3,2,2,46,6,18,87,144,45,105,1,40,3,20,79,285,89,91,1,1,0,4,1,0,2,4,1,0,2,1,1,3,2,1,0,1,2,2,2,2,5,7,2,2,3,14,8,4,0,5,0,1,2,0,0,1,0,1,1,0,2,3,2,2,5,2,22,59,24,21,19,1061,145,1206
TCGA-EE-A29W,42,0,MALE,I,NA,EE,Extremities,Regional Lymph Node,0,0,0,0,0,0,0,0,1,NA,0,"R,0",0,0,0,0,2,0,1,0,0,0,0,0,0,1,0,1,0,0,0,0,0,1,1,1,0,0,0,0,0,0,0,0,1,2,2,0,8,8,4,6,0,1,0,0,6,11,6,8,0,0,0,0,0,0,1,1,0,0,1,0,0,0,0,0,0,0,0,0,0,0,0,0,0,0,1,1,0,0,0,0,0,0,1,0,0,0,0,1,0,0,0,1,0,0,0,0,3,2,3,5,3,63,16,79
TCGA-EE-A29X,58,2,FEMALE,IV,NO,EE,Head and Neck,Regional Lymph Node,0,0,0,0,0,0,0,0,0,NA,0,"0,0",0,0,0,0,0,0,3,0,1,0,0,0,0,0,0,0,0,1,0,0,0,1,1,0,0,0,0,0,0,0,1,0,0,8,0,1,5,16,2,17,0,7,2,1,11,40,12,18,0,0,0,1,0,0,1,0,0,0,0,0,0,0,0,0,0,1,0,2,0,0,1,1,0,0,0,3,0,0,2,1,0,0,0,0,0,0,0,0,0,0,0,0,0,0,0,1,1,11,2,4,4,140,22,162
TCGA-EE-A2A0,77,2.2,FEMALE,IV,NO,EE,Extremities,Regional Lymph Node,0,0,0,1,0,0,0,0,0,NA,0,"R,0",0,0,0,0,0,0,0,1,1,0,0,0,1,2,1,0,2,0,0,0,0,0,1,1,0,0,0,1,0,0,0,2,2,15,3,5,24,25,10,26,0,12,4,7,38,116,44,29,0,2,1,0,2,0,1,2,0,0,1,1,0,1,1,0,2,0,2,6,1,1,0,1,1,1,1,4,1,2,1,2,1,1,0,0,0,1,4,1,0,0,3,0,1,2,0,2,16,26,12,6,7,360,67,427
TCGA-EE-A2A1,46,1.3,MALE,IV,NO,EE,Extremities,Regional Lymph Node,0,0,0,0,1,0,0,0,0,NA,0,"R,0",0,2,0,0,2,0,0,1,0,1,0,1,1,3,0,0,0,1,0,0,1,0,0,1,1,0,0,0,1,0,0,0,0,8,1,7,32,34,18,36,0,7,2,11,32,108,54,31,0,0,0,0,0,0,0,0,0,0,2,0,0,0,0,1,1,1,1,0,0,1,0,0,1,0,0,4,2,1,1,3,0,1,0,1,0,1,0,0,0,0,2,1,1,1,0,1,9,16,3,11,5,381,44,425
TCGA-EE-A2A2,71,7,MALE,IV,YES,EE,Trunk,Regional Lymph Node,1,0,0,0,0,0,0,0,0,NA,0,"r,0",1,4,1,0,6,5,4,3,3,1,0,1,5,11,0,6,1,2,3,1,2,4,1,2,1,1,1,0,1,4,5,0,6,51,6,29,121,222,86,156,2,56,3,21,144,469,134,120,4,2,2,11,4,5,1,5,2,4,2,1,4,6,6,17,1,2,3,5,6,1,3,10,1,1,0,16,8,3,3,13,0,0,2,1,1,2,3,8,1,2,7,1,6,8,5,0,47,76,76,51,29,1626,279,1905
TCGA-EE-A2A5,43,1.1,MALE,IV,NO,EE,Extremities,regional (sub)cutaneous tissue,0,0,0,0,1,0,0,0,0,NA,0,"R,0",0,1,0,0,0,0,0,1,0,0,0,0,2,2,1,0,0,0,0,0,0,0,1,0,0,0,0,0,0,3,1,0,0,5,5,5,39,42,9,33,2,10,0,5,39,77,33,21,0,1,0,0,0,2,0,1,0,0,1,0,0,0,0,5,0,0,0,1,0,1,2,1,1,1,0,5,3,0,3,0,0,0,0,0,0,3,0,0,0,0,1,0,0,0,0,3,7,18,10,7,5,325,47,372
TCGA-EE-A2A6,43,0.55,MALE,II,NO,EE,Trunk,Regional Lymph Node,0,0,0,0,0,0,1,0,0,NA,0,"R,0",0,0,0,0,1,2,0,0,0,0,0,0,0,1,0,0,0,1,0,0,0,1,0,0,0,0,0,0,0,1,0,0,1,13,2,3,29,45,9,28,0,10,2,5,35,71,48,30,0,1,0,3,0,0,0,0,1,1,1,0,0,1,1,1,0,0,0,0,0,0,1,5,0,0,0,4,0,3,1,2,0,0,0,0,0,0,0,0,0,0,2,0,1,1,0,0,4,16,10,4,3,331,37,368
TCGA-EE-A2GB,51,1.65,MALE,III,YES,EE,Trunk,Regional Lymph Node,1,0,0,0,0,0,0,0,0,NA,0,"r,0",0,1,0,0,3,2,1,2,0,0,0,0,2,3,0,2,0,0,1,1,0,1,1,1,0,2,1,0,0,1,2,0,1,28,2,8,55,100,20,53,1,22,0,13,67,202,78,65,1,0,1,2,0,1,0,3,2,0,2,0,0,1,0,5,1,2,4,1,1,1,1,4,0,1,1,9,5,5,2,1,0,0,1,0,0,0,0,3,1,0,1,2,0,0,1,1,10,39,18,16,11,715,94,809
TCGA-EE-A2GC,82,2.3,MALE,III,YES,EE,Head and Neck,Regional Lymph Node,0,0,0,0,0,0,0,0,0,NA,0,"0,0",2,2,2,3,9,5,2,5,2,1,0,0,6,10,1,7,3,1,3,0,0,4,1,1,0,6,0,1,1,8,2,3,5,77,4,15,231,333,98,230,3,66,4,41,273,695,289,218,5,2,0,10,0,3,2,6,0,1,2,3,6,6,3,9,2,2,1,5,2,1,4,15,1,1,3,35,4,7,0,11,1,2,4,1,0,1,5,4,0,4,4,3,2,2,8,5,46,94,58,57,34,2582,289,2871
TCGA-EE-A2GD,58,4.4,FEMALE,IV,YES,EE,Extremities,regional (sub)cutaneous tissue,1,0,0,0,1,0,0,0,0,NA,0,"R,r",1,1,0,1,1,0,0,0,3,1,0,1,2,5,2,1,0,0,0,0,0,0,2,1,0,0,0,2,2,1,0,0,0,22,1,7,23,53,10,38,1,17,2,6,58,153,60,40,1,2,0,4,1,2,1,1,0,0,0,1,2,0,0,3,1,0,1,2,1,1,2,6,0,0,0,11,1,1,3,3,0,1,0,0,0,2,0,0,0,0,4,0,0,2,0,2,11,33,18,19,8,491,89,580
TCGA-EE-A2GE,44,0.9,MALE,III,NO,EE,Trunk,Regional Lymph Node,0,0,1,0,1,0,0,0,0,NA,0,"R,r",0,1,0,0,0,1,1,2,0,0,0,1,2,1,1,0,0,0,0,1,0,1,2,0,0,0,0,1,0,0,0,1,0,12,0,3,16,26,6,20,2,11,1,3,17,50,13,22,0,1,0,0,0,0,0,0,0,0,1,0,0,0,1,1,0,0,1,0,0,0,0,3,1,0,0,4,2,0,0,1,0,0,0,0,0,0,1,0,0,1,0,0,0,0,0,0,2,12,4,10,6,202,34,236
TCGA-EE-A2GH,34,0.8,MALE,III,NA,EE,Trunk,Regional Lymph Node,0,0,0,0,0,0,2,0,0,NA,0,"R,R",0,0,0,1,2,1,0,0,0,1,0,0,0,0,0,2,1,0,0,0,0,0,0,0,0,0,0,0,1,0,0,1,1,11,0,3,20,32,10,26,0,11,1,8,30,82,34,23,0,1,0,0,0,0,1,0,0,0,2,1,1,1,1,0,1,0,1,0,0,0,1,2,0,0,0,3,1,0,0,0,0,1,0,1,0,0,0,0,0,0,1,1,0,0,0,1,5,9,8,7,3,292,32,324
TCGA-EE-A2GI,39,0.65,MALE,III,NO,EE,Extremities,Regional Lymph Node,0,0,0,0,0,0,1,0,0,NA,0,"R,0",5,1,0,4,2,4,2,5,1,1,1,0,2,5,1,3,0,0,3,0,1,1,3,2,0,0,1,0,1,2,0,2,5,39,2,16,127,163,54,150,2,45,7,30,166,444,197,127,2,3,2,2,0,4,3,2,2,2,4,3,3,3,2,7,0,3,5,4,3,4,6,8,7,2,2,29,11,6,4,5,2,1,2,1,0,1,3,1,2,0,2,3,1,1,1,3,24,99,44,37,16,1574,220,1794
TCGA-EE-A2GJ,83,0.4,MALE,II,NO,EE,Extremities,Regional Lymph Node,0,0,0,0,0,0,0,0,0,NA,0,"0,0",2,0,0,0,1,1,2,2,1,0,0,0,2,4,1,1,1,3,0,4,1,1,2,2,0,1,0,0,0,2,0,4,1,36,4,18,82,124,40,117,3,49,1,24,118,352,156,93,2,2,2,6,1,1,1,1,1,2,0,0,2,1,3,5,2,3,0,4,4,1,2,5,0,3,1,23,3,5,6,3,0,1,7,2,1,3,14,8,1,1,16,6,3,4,6,3,76,65,30,17,21,1218,209,1427
TCGA-EE-A2GK,46,0.8,FEMALE,III,NA,EE,Trunk,Regional Lymph Node,0,0,2,0,0,0,0,0,0,NA,0,"r,r",0,0,0,0,0,0,0,0,0,0,0,0,0,0,0,0,0,0,0,0,0,0,0,0,0,0,0,0,0,0,0,0,0,0,0,0,0,0,0,0,0,0,0,0,0,0,0,0,0,0,0,0,0,0,0,0,0,0,0,0,0,0,0,0,0,0,0,0,0,0,0,0,0,0,0,0,0,0,0,0,0,0,0,0,0,0,0,0,0,0,0,0,0,0,0,0,0,0,0,0,0,0,0,0
TCGA-EE-A2GL,40,3.1,FEMALE,IV,NO,EE,Extremities,Regional Lymph Node,0,1,0,0,0,0,0,0,1,NA,0,"R,R",2,1,2,1,2,0,0,1,1,1,0,0,0,3,0,0,1,0,0,0,0,0,2,1,0,1,0,0,3,1,0,0,0,7,0,3,21,51,18,30,0,15,0,3,19,97,44,26,0,0,0,2,0,0,3,0,0,0,0,1,0,0,1,0,0,0,2,0,1,0,2,3,0,0,1,5,2,0,0,3,1,0,0,0,0,0,1,2,0,0,3,0,0,2,0,0,9,19,7,14,9,334,58,392
TCGA-EE-A2GM,70,6.5,FEMALE,IV,YES,EE,Trunk,regional (sub)cutaneous tissue,0,0,1,0,0,0,0,1,0,NA,0,"r,r",1,3,0,0,1,0,0,1,1,1,0,0,2,4,0,2,1,0,0,0,0,3,0,0,0,0,0,0,0,1,0,1,2,35,3,7,65,92,27,74,3,23,3,14,73,211,80,69,3,4,2,1,2,1,1,2,2,0,1,1,1,0,1,1,0,0,1,2,1,0,0,1,2,0,2,6,1,2,2,2,1,0,0,0,1,1,0,2,0,0,2,2,0,2,1,0,12,22,23,16,6,781,79,860
TCGA-EE-A2GN,67,1.9,MALE,IV,YES,EE,Trunk,regional (sub)cutaneous tissue,0,0,0,0,1,0,0,0,0,NA,0,"R,0",1,1,1,0,0,2,2,2,1,1,0,1,0,1,0,0,1,1,1,0,0,0,1,0,0,0,0,0,1,1,0,2,1,22,1,4,32,51,10,31,3,16,1,11,36,99,35,37,1,1,1,4,0,1,0,1,0,0,1,2,1,0,0,1,1,0,0,2,0,0,2,2,0,0,0,2,0,1,0,1,0,0,1,0,0,2,1,1,0,0,3,1,1,2,0,0,12,11,14,13,8,390,58,448
TCGA-EE-A2GO,66,3.4,FEMALE,IV,NO,EE,Extremities,regional (sub)cutaneous tissue,1,0,0,0,1,0,0,0,0,NA,0,"R,r",5,1,0,0,3,3,0,7,2,3,2,0,4,11,1,3,1,1,4,1,2,0,4,2,0,2,4,1,1,6,0,3,0,74,6,25,139,281,73,167,4,58,5,32,157,546,240,156,5,2,5,17,1,10,7,6,2,0,2,4,2,8,0,12,0,3,6,5,4,1,7,24,1,2,1,20,3,15,4,9,2,2,4,3,2,3,4,6,0,0,0,4,3,4,2,4,43,105,83,45,32,1963,308,2271
TCGA-EE-A2GP,80,4.2,MALE,IV,YES,EE,Extremities,regional (sub)cutaneous tissue,0,0,0,0,0,0,0,0,0,NA,0,"0,0",0,2,1,1,3,1,0,1,0,0,0,2,0,5,0,1,0,1,0,0,0,1,3,1,0,0,2,0,0,0,1,1,0,24,2,6,48,86,34,63,0,22,2,11,82,207,94,52,1,0,0,1,0,3,2,0,0,0,0,2,2,3,1,3,2,1,1,1,3,0,1,1,1,2,2,6,2,0,1,2,0,0,2,1,0,1,1,1,0,0,1,2,0,0,1,1,11,26,18,17,10,733,82,815
TCGA-EE-A2GR,78,6.9,MALE,IV,NA,EE,Extremities,regional (sub)cutaneous tissue,0,0,0,0,0,0,0,1,0,NA,0,"r,0",4,3,1,3,1,0,1,2,0,1,0,0,3,7,1,4,1,1,1,3,0,1,4,2,0,1,2,1,1,3,2,3,2,55,8,11,120,206,63,175,4,44,5,21,135,406,160,161,4,1,2,8,3,1,4,2,2,1,0,3,6,3,3,7,1,4,1,5,5,3,2,8,7,0,3,21,6,5,3,3,3,3,2,4,2,4,5,6,0,1,5,2,3,6,2,3,51,77,50,31,26,1576,235,1811
TCGA-EE-A2GS,28,1.8,FEMALE,IV,NO,EE,Extremities,Regional Lymph Node,1,0,0,0,0,0,0,0,0,306R/H,2,"R,r",0,0,0,0,0,1,0,1,1,0,0,0,1,3,2,0,0,0,0,1,0,1,1,2,0,0,2,0,0,0,0,0,1,18,3,3,38,46,13,32,2,5,1,6,45,100,45,22,1,0,0,1,0,1,0,0,2,1,3,1,0,1,2,1,1,0,1,1,0,1,0,3,0,0,0,9,0,2,1,0,0,0,2,0,0,1,1,0,0,1,2,2,0,1,0,0,10,19,14,9,7,380,59,439
TCGA-EE-A2GT,77,2.2,MALE,IV,NO,EE,Trunk,Regional Lymph Node,0,0,0,0,0,0,0,0,0,NA,0,"0,0",1,0,0,0,2,0,1,0,0,0,0,0,1,1,1,1,0,0,0,0,0,1,0,4,1,0,0,0,1,1,1,2,0,12,7,5,11,25,13,21,0,5,2,10,20,91,34,16,0,0,0,0,0,1,1,0,0,0,1,1,1,0,0,0,1,0,0,1,0,2,1,2,0,1,2,1,0,2,0,1,0,0,2,0,0,0,1,0,0,0,1,1,1,1,0,3,10,14,5,8,11,272,48,320
TCGA-EE-A2GU,65,0.3,FEMALE,II,NO,EE,Extremities,Regional Lymph Node,1,0,0,0,0,0,1,0,0,NA,0,"R,r",1,3,0,0,0,0,1,0,1,2,0,1,0,1,0,1,0,2,0,0,2,1,0,0,0,0,0,1,0,2,0,1,2,14,2,8,57,88,22,46,3,16,3,14,79,217,79,53,0,0,1,4,0,1,1,1,0,1,2,0,0,4,1,0,0,1,0,1,1,1,2,3,0,2,0,10,1,1,1,0,0,0,1,1,0,2,1,3,0,0,2,0,0,1,0,0,11,24,16,11,9,703,71,774
TCGA-EE-A2M5,49,0.8,MALE,III,NO,EE,Trunk,Regional Lymph Node,0,1,1,0,0,0,0,0,0,NA,0,"R,r",6,2,0,3,5,0,3,5,0,2,0,0,3,8,2,4,3,0,0,2,1,0,2,2,2,3,1,1,2,5,1,2,4,72,5,20,147,270,71,201,4,59,1,24,167,498,210,220,2,3,5,17,0,3,2,13,1,2,1,4,4,7,3,25,5,3,4,4,2,4,2,13,0,1,3,41,9,5,7,14,0,1,5,2,0,5,3,9,2,4,5,2,3,7,4,12,64,117,92,43,27,1973,343,2316
TCGA-EE-A2M6,61,0.7,MALE,II,NO,EE,Trunk,Regional Lymph Node,0,0,1,0,0,0,0,0,0,NA,0,"r,0",2,1,1,0,5,0,1,0,2,1,0,1,0,4,0,2,2,0,0,1,0,0,1,1,0,1,1,0,1,2,0,1,3,20,3,4,42,62,17,46,2,13,6,14,49,170,57,48,1,0,3,1,1,0,0,1,1,1,2,1,1,0,0,0,2,0,0,1,0,3,0,6,2,0,2,10,4,2,1,1,0,0,1,1,1,0,3,1,0,1,3,2,0,1,0,2,16,34,13,20,11,556,94,650
TCGA-EE-A2M7,66,2.2,MALE,III,NA,EE,Trunk,Regional Lymph Node,1,0,0,0,0,0,1,0,0,NA,0,"R,r",0,0,0,0,5,3,1,1,2,0,0,0,0,0,1,1,0,0,0,0,1,2,0,0,0,0,0,0,1,0,0,1,0,2,2,0,2,3,1,1,2,2,1,0,6,7,8,2,0,0,0,0,0,0,0,0,0,0,1,0,0,0,0,0,1,0,1,0,0,0,1,2,0,0,0,0,1,0,0,0,0,0,0,0,0,0,0,0,0,0,0,0,0,2,0,0,2,6,1,14,5,39,28,67
TCGA-EE-A2M8,54,2,FEMALE,IV,NO,EE,Extremities,Regional Lymph Node,0,0,1,0,0,0,0,0,0,NA,0,"r,0",0,2,0,0,0,1,0,0,0,0,0,0,0,0,0,0,0,0,1,0,0,0,0,1,0,0,0,1,1,0,0,0,0,1,0,1,3,5,4,5,0,2,0,4,7,21,14,7,2,0,1,1,0,0,0,2,0,0,1,0,2,0,0,0,0,1,0,0,1,0,0,0,1,0,2,3,1,0,0,0,0,0,0,0,0,0,0,0,0,0,1,0,0,0,0,0,1,9,9,3,4,74,26,100
TCGA-EE-A2MC,73,1,MALE,III,NO,EE,Extremities,Regional Lymph Node,1,0,0,0,0,0,0,0,1,NA,0,"R,r",0,2,1,0,3,2,0,0,2,0,0,0,1,4,1,0,0,0,3,0,0,2,0,1,0,0,0,1,1,2,0,4,0,19,3,12,54,71,22,49,1,16,2,14,60,199,112,55,1,1,0,4,1,0,1,2,1,0,1,3,1,0,3,6,0,4,2,7,1,1,4,6,2,2,1,14,3,2,6,3,0,2,3,2,0,0,4,1,0,1,3,3,0,1,1,3,24,58,25,16,14,689,137,826
TCGA-EE-A2MD,52,3,MALE,III,YES,EE,Extremities,Regional Lymph Node,0,0,1,0,0,0,0,1,0,NA,0,"r,r",2,0,0,1,2,1,3,4,1,0,1,0,0,1,4,7,0,1,2,0,0,1,1,2,0,0,0,0,2,2,0,4,3,58,7,12,127,196,58,162,3,53,2,33,216,516,267,154,3,2,1,10,0,3,1,5,0,1,5,8,4,3,2,6,1,0,5,1,3,4,5,8,2,1,4,19,5,9,3,4,0,1,2,1,1,0,0,0,0,0,1,0,1,3,0,0,10,74,54,27,15,1867,180,2047
TCGA-EE-A2ME,51,0.52,MALE,III,NO,EE,Trunk,Regional Lymph Node,0,0,0,0,0,0,0,0,0,NA,0,"0,0",0,0,0,0,0,0,0,0,0,0,0,0,0,0,1,0,0,0,0,0,0,0,0,0,0,0,0,1,0,0,0,0,0,1,0,1,0,0,1,1,0,2,0,0,0,5,2,3,0,0,0,0,0,0,0,0,0,0,1,0,0,0,0,0,0,0,0,0,0,0,0,0,0,0,0,0,0,0,0,0,0,0,0,0,0,0,0,0,1,0,0,0,0,0,0,0,1,0,1,1,1,16,4,20
TCGA-EE-A2MG,23,0.7,MALE,III,NA,EE,Trunk,Regional Lymph Node,0,0,0,0,0,0,0,0,0,152Y/*|156V/L,4,"R,R",1,0,0,0,2,0,1,0,0,0,0,0,0,0,0,0,0,0,0,0,0,0,0,0,0,1,0,0,0,0,0,0,0,9,1,1,10,10,7,19,0,4,1,2,10,49,11,11,0,0,0,0,0,0,0,1,1,0,1,0,0,0,0,0,0,1,0,0,2,2,0,0,0,0,0,2,2,1,0,1,0,0,0,0,1,0,0,0,0,0,0,1,1,0,1,0,4,11,3,4,1,145,23,168
TCGA-EE-A2MH,66,3.4,MALE,V,NO,EE,Trunk,Regional Lymph Node,0,0,1,0,0,0,0,0,0,NA,0,"r,0",1,0,0,0,2,0,0,0,0,0,0,0,0,1,0,0,0,0,0,0,0,0,0,1,0,0,0,0,0,2,0,0,1,9,1,0,7,24,8,9,0,9,2,3,12,30,14,11,0,0,0,1,0,1,0,0,0,0,2,0,1,1,1,0,1,0,0,0,0,2,1,0,0,0,0,0,0,0,0,0,0,0,1,0,0,1,1,0,1,0,0,0,1,0,0,0,5,4,7,4,3,140,23,163
TCGA-EE-A2MI,43,0.4,MALE,II,NA,EE,Extremities,Regional Lymph Node,1,0,0,0,0,1,0,0,0,NA,0,"R,r",0,2,0,0,2,2,0,1,1,1,0,2,0,6,0,1,0,1,0,1,3,1,1,1,0,1,0,0,0,2,0,3,2,27,5,9,102,119,38,84,1,29,1,24,131,364,138,95,1,2,3,4,2,3,0,2,3,1,3,2,0,1,1,1,2,3,3,5,3,3,6,5,2,1,1,21,5,1,3,5,0,0,1,0,0,0,1,1,0,1,4,1,0,1,0,0,10,69,29,18,14,1169,140,1309
TCGA-EE-A2MJ,60,11,MALE,V,NO,EE,Trunk,Regional Lymph Node,0,0,0,0,0,0,1,1,0,NA,0,"R,r",2,0,1,1,1,3,0,3,0,1,0,0,0,3,0,4,3,0,0,2,0,4,4,1,0,1,0,2,2,4,0,5,0,42,1,16,131,199,52,163,2,47,0,20,205,539,230,174,1,2,2,7,1,2,0,8,0,1,2,3,1,1,1,12,2,3,3,2,1,5,3,10,2,0,3,6,8,11,5,4,1,0,1,0,0,3,2,2,2,3,3,3,2,5,6,9,42,68,44,19,28,1821,201,2022
TCGA-EE-A2MK,18,5.2,FEMALE,IV,NO,EE,Extremities,Regional Lymph Node,1,0,0,0,0,0,1,0,0,NA,0,"R,r",0,1,0,0,0,0,1,0,0,0,0,0,0,0,0,1,0,0,1,1,0,1,1,1,0,0,0,0,1,0,0,0,1,13,2,5,25,31,2,23,0,11,1,5,44,84,30,29,1,0,1,2,1,1,0,1,0,1,2,1,1,1,0,0,0,1,1,0,0,1,0,3,0,0,1,11,0,2,1,0,0,0,0,0,0,1,0,1,0,0,1,0,0,0,1,1,5,21,13,3,6,306,48,354
TCGA-EE-A2ML,35,3,MALE,III,NO,EE,Trunk,Regional Lymph Node,0,0,0,0,1,0,1,0,0,NA,0,"R,R",1,1,0,0,0,1,3,1,0,0,0,2,1,5,0,0,0,1,0,0,1,0,1,1,0,4,0,0,1,3,2,0,1,20,3,5,56,72,20,64,1,14,1,10,52,141,62,46,1,0,1,3,0,0,1,1,0,0,1,1,0,1,2,3,0,0,1,2,3,2,1,3,0,0,0,11,0,0,2,3,0,2,1,0,0,1,1,0,1,1,2,0,0,0,1,0,10,28,15,15,14,568,82,650
TCGA-EE-A2MM,63,0.6,FEMALE,III,NA,EE,Trunk,Regional Lymph Node,2,0,0,0,0,0,0,0,0,NA,0,"r,r",0,0,0,0,1,4,1,0,2,0,0,0,0,0,3,4,0,1,0,0,0,2,2,0,0,1,0,0,0,0,0,0,0,13,5,1,39,65,20,34,1,24,3,7,52,174,78,44,2,2,2,1,0,1,0,1,0,0,0,0,0,1,0,0,1,1,0,1,0,0,0,2,0,0,1,5,2,0,2,0,0,0,1,0,0,0,1,2,0,2,2,0,1,0,1,0,10,15,10,15,6,560,56,616
TCGA-EE-A2MN,58,1,MALE,III,NO,EE,Trunk,Regional Lymph Node,1,0,0,0,0,0,0,0,0,NA,0,"r,0",1,0,0,0,1,0,1,0,0,0,0,0,0,0,0,0,1,1,0,0,0,1,1,0,0,0,0,0,0,0,0,1,0,8,4,2,11,22,2,24,1,3,1,1,24,35,19,10,0,0,1,1,0,0,0,0,0,0,0,0,0,0,1,0,0,1,0,1,0,2,1,0,1,0,0,3,0,0,0,1,1,0,1,0,0,0,0,0,0,0,0,0,0,0,0,0,2,10,3,3,5,167,23,190
TCGA-EE-A2MP,34,1.05,FEMALE,NA,NA,EE,Extremities,Regional Lymph Node,0,0,0,0,1,0,0,0,0,NA,0,"R,0",0,0,0,0,1,1,1,0,1,0,0,0,0,0,1,1,0,0,0,0,1,0,3,0,0,0,0,0,0,1,2,0,3,9,0,3,20,32,18,32,0,12,2,7,24,73,33,22,3,1,0,1,0,0,0,1,0,0,2,1,0,1,0,1,3,0,2,0,1,0,1,4,1,0,0,1,5,3,2,3,0,0,1,1,0,0,0,0,0,0,1,0,0,0,0,1,4,26,11,6,7,290,54,344
TCGA-EE-A2MQ,70,3.1,FEMALE,IV,NO,EE,Trunk,Regional Lymph Node,0,0,0,0,1,0,0,0,0,NA,0,"R,0",1,0,0,0,3,0,1,1,0,1,0,0,1,2,0,0,0,1,1,0,1,0,1,1,0,1,1,0,0,1,0,3,0,11,3,1,15,36,10,23,1,7,2,2,17,59,37,30,1,0,1,0,0,0,0,0,1,0,1,0,0,1,1,1,2,0,3,1,0,1,2,1,0,2,1,1,1,3,1,3,0,0,1,2,0,0,0,1,0,0,0,1,0,1,1,2,9,22,7,10,11,254,59,313
TCGA-EE-A2MR,61,1.25,MALE,III,NO,EE,Trunk,Regional Lymph Node,0,0,1,0,1,0,0,0,0,NA,0,"R,r",1,5,0,1,6,6,10,10,1,3,0,1,3,5,1,9,0,0,0,0,1,2,2,2,0,2,1,3,1,8,3,3,2,105,4,29,210,355,99,367,1,92,3,107,449,895,649,287,2,4,1,10,4,3,4,7,1,2,2,1,0,10,3,18,1,2,2,5,6,6,10,12,4,0,1,14,3,7,8,12,1,3,3,1,1,4,3,4,0,1,2,3,3,5,1,8,43,93,72,62,28,3654,298,3952
TCGA-EE-A2MS,72,1.8,MALE,IV,NO,EE,Extremities,Regional Lymph Node,1,0,0,0,0,0,0,0,0,NA,0,"r,0",4,6,2,0,6,8,3,6,2,3,1,1,6,15,2,4,0,2,2,0,0,3,3,2,1,0,0,0,2,2,4,5,8,91,6,18,276,445,121,344,1,103,4,53,338,865,377,302,2,4,1,12,2,4,5,6,1,2,4,3,2,6,3,7,7,1,3,3,3,3,4,10,3,1,0,18,3,3,8,5,3,0,5,6,1,2,1,3,0,0,2,5,0,3,1,2,34,75,64,69,26,3352,268,3620
TCGA-EE-A2MT,45,1.5,MALE,IV,NO,EE,Trunk,Regional Lymph Node,0,0,0,0,0,0,0,1,0,NA,0,"r,0",0,2,1,0,1,1,0,1,1,2,0,2,1,4,1,1,0,2,0,1,0,2,1,1,0,1,0,0,2,3,1,1,3,38,5,9,78,127,40,89,1,32,3,12,90,285,115,93,1,2,2,3,0,1,1,4,0,1,3,2,3,3,1,6,1,0,2,1,0,4,2,4,2,1,2,11,3,2,3,7,0,1,1,1,0,2,3,1,1,3,3,0,2,3,0,4,25,45,33,18,15,1020,136,1156
TCGA-EE-A2MU,71,0.5,MALE,II,NO,EE,Extremities,regional (sub)cutaneous tissue,0,0,0,0,0,0,0,0,0,NA,0,"0,0",5,2,1,1,1,0,0,0,2,1,0,0,0,3,0,1,0,0,0,0,0,1,1,0,0,0,0,0,1,2,0,1,0,22,3,2,46,77,24,53,2,17,1,13,78,173,78,52,0,1,1,0,0,2,0,0,0,1,2,0,2,2,0,1,1,1,0,0,3,2,1,6,1,0,0,9,1,2,0,1,0,2,1,0,0,0,1,16,0,1,0,0,0,0,0,4,25,28,12,17,6,641,88,729
TCGA-EE-A3AA,47,NA,MALE,NA,NA,EE,NA,Regional Lymph Node,1,0,0,0,0,0,0,0,0,NA,0,"r,0",1,0,0,1,3,1,1,1,0,0,0,0,3,4,0,3,0,0,2,0,1,2,0,1,0,2,0,0,0,2,0,0,3,49,0,9,41,87,11,89,0,33,1,14,89,288,99,128,2,2,1,5,3,2,1,1,1,0,0,0,1,1,1,4,1,1,2,4,1,0,3,11,1,1,0,10,3,5,0,4,0,2,0,0,2,4,3,3,0,0,5,2,0,2,4,4,31,47,25,18,10,941,131,1072
TCGA-EE-A3AB,30,NA,MALE,NA,NA,EE,NA,Regional Lymph Node,0,0,0,0,1,0,0,0,0,NA,0,"R,0",2,0,0,1,5,1,1,1,0,4,0,0,1,0,1,0,4,0,2,1,1,1,4,1,0,1,0,3,1,3,0,5,4,13,1,6,26,58,18,43,1,13,1,1,25,121,31,39,1,2,1,5,0,2,0,1,3,1,4,0,3,0,0,0,10,17,24,18,12,13,11,22,30,36,33,43,8,5,4,3,1,3,1,1,1,1,2,4,0,1,1,2,0,3,1,1,23,289,23,17,27,401,379,780
TCGA-EE-A3AC,47,NA,MALE,NA,NA,EE,NA,Regional Lymph Node,1,0,0,0,0,0,0,0,1,NA,0,"R,r",2,1,0,0,1,0,1,1,0,1,0,0,2,4,1,3,1,1,2,2,2,0,0,2,0,2,1,0,0,3,1,2,1,32,4,13,50,108,28,94,2,39,0,25,112,280,102,92,0,2,2,5,2,4,1,0,0,0,1,1,1,5,0,6,1,1,1,3,1,1,1,6,3,2,2,11,4,3,5,5,1,1,0,0,0,3,2,4,0,1,6,2,0,1,2,2,25,50,30,17,19,982,141,1123
TCGA-EE-A3AD,50,NA,MALE,NA,NA,EE,NA,Regional Lymph Node,0,0,0,0,0,0,1,1,0,NA,0,"R,r",0,0,1,1,0,0,2,2,1,0,0,0,0,0,0,0,1,0,0,1,0,0,2,0,1,0,0,1,1,1,0,1,2,12,2,6,45,60,16,43,0,17,1,9,48,120,56,27,0,0,0,0,1,1,1,3,1,0,3,0,2,1,0,2,0,0,3,0,0,1,1,2,2,0,3,4,1,3,1,4,0,1,0,0,0,1,1,0,0,0,0,1,1,1,1,1,8,25,15,7,9,464,64,528
TCGA-EE-A3AE,52,0.9,FEMALE,III,NO,EE,Extremities,Regional Lymph Node,0,0,0,0,0,0,0,0,0,NA,0,"0,0",1,0,0,2,2,7,0,2,2,0,2,2,0,4,0,1,0,1,1,0,1,1,1,2,1,1,0,0,1,1,0,2,3,37,4,11,121,191,55,137,0,28,3,34,213,478,197,127,0,2,1,4,0,2,0,7,0,2,1,1,1,4,3,7,2,0,1,3,1,5,3,5,0,0,2,8,7,3,1,7,1,0,3,3,0,3,2,3,0,0,2,2,2,3,0,3,27,48,35,25,13,1639,148,1787
TCGA-EE-A3AF,48,NA,FEMALE,NA,NA,EE,NA,Regional Lymph Node,0,1,0,0,0,0,0,0,0,NA,0,"R,0",1,5,1,0,8,2,0,3,0,1,0,0,2,4,1,2,0,1,0,1,1,2,0,0,1,1,1,1,3,1,1,5,5,47,2,12,95,176,68,105,2,43,4,20,73,293,96,93,3,2,2,4,1,0,0,3,1,0,4,1,3,1,4,6,2,0,2,2,0,1,0,4,1,2,1,13,5,4,3,4,0,1,0,3,1,4,3,4,0,0,4,3,1,2,1,0,27,44,35,30,19,1134,155,1289
TCGA-EE-A3AG,25,NA,MALE,NA,NA,EE,NA,regional (sub)cutaneous tissue,1,0,0,0,0,0,1,0,0,NA,0,"R,r",3,1,0,1,4,4,3,2,2,3,0,1,3,5,3,3,0,2,3,1,1,3,5,4,1,0,0,3,1,0,2,4,5,70,2,24,152,242,70,187,1,68,3,32,184,514,218,173,1,0,5,5,0,0,2,7,1,1,2,2,2,1,1,5,2,0,4,5,4,2,1,5,0,2,1,16,3,2,5,4,0,1,1,2,0,5,2,2,0,0,0,0,0,3,1,3,20,56,35,38,30,1945,179,2124
TCGA-EE-A3AH,30,3.7,MALE,III,NO,EE,Extremities,Regional Lymph Node,0,1,0,0,0,0,0,0,0,NA,0,"R,0",0,0,0,0,2,0,1,0,1,1,0,1,1,1,1,0,0,1,0,0,0,0,0,0,0,0,0,0,0,1,0,0,0,13,1,1,35,50,7,44,1,5,4,8,39,116,47,33,2,0,1,3,0,1,0,0,0,0,1,0,0,1,0,0,0,1,1,3,0,1,0,5,0,0,0,5,2,0,0,1,0,0,1,0,0,1,1,1,0,1,2,1,0,1,0,2,11,19,9,9,2,404,50,454
TCGA-EE-A3J5,71,4.8,MALE,V,NO,EE,Extremities,regional (sub)cutaneous tissue,0,0,0,0,1,0,0,0,1,NA,0,"R,R",7,2,0,3,11,4,4,7,1,3,0,1,8,11,7,7,0,3,5,4,0,3,2,3,1,0,0,1,3,7,1,3,2,66,6,24,169,314,107,186,7,60,5,29,224,729,270,210,1,3,5,13,2,5,3,10,3,1,3,5,4,6,2,15,3,3,5,9,4,8,8,23,5,1,4,58,9,13,14,20,0,1,4,1,2,1,3,2,1,0,5,2,3,5,2,8,40,187,81,76,36,2408,420,2828
TCGA-EE-A3J8,59,4.8,MALE,IV,NO,EE,Trunk,regional (sub)cutaneous tissue,0,0,0,0,1,0,0,0,0,NA,0,"R,0",0,0,0,0,1,0,0,1,1,0,1,0,1,1,0,2,0,0,0,0,0,1,0,0,0,0,0,2,0,0,1,2,1,9,1,1,18,31,11,24,4,9,1,6,41,96,34,26,1,1,0,1,0,1,1,1,0,0,0,0,1,0,0,3,0,0,0,1,0,1,1,0,0,0,0,5,2,1,1,0,0,1,0,0,0,2,2,0,0,1,4,0,0,0,1,2,13,12,10,8,6,313,49,362
TCGA-EE-A3JA,44,1.5,MALE,IV,NO,EE,Extremities,Regional Lymph Node,0,0,0,0,0,0,0,0,1,NA,0,"R,0",2,0,0,0,1,0,0,4,1,2,3,0,0,4,1,3,1,0,0,0,1,0,1,2,0,2,0,0,0,2,0,3,3,28,2,4,86,123,56,105,2,20,1,23,151,386,161,110,0,1,1,3,1,0,3,1,1,1,2,4,2,2,1,6,2,2,1,0,0,0,4,6,0,2,0,5,2,0,6,2,1,0,1,2,0,1,5,1,1,0,0,1,2,1,1,0,17,32,29,21,12,1261,111,1372
TCGA-EE-A3JH,54,1.3,MALE,III,NA,EE,Trunk,Regional Lymph Node,0,0,0,0,1,0,0,0,0,NA,0,"R,0",0,0,0,0,0,0,1,0,1,0,0,0,0,0,2,0,2,0,0,1,0,1,0,0,0,0,0,1,0,2,0,1,1,11,7,3,16,22,10,18,1,5,3,5,23,38,20,12,1,0,0,0,0,0,0,0,0,0,0,2,0,0,0,1,0,0,0,0,0,0,0,1,0,0,0,1,0,2,2,0,0,0,0,0,0,0,0,0,0,0,1,0,1,0,0,0,2,6,4,4,8,195,24,219
TCGA-EE-A3JI,48,1.2,MALE,IV,NO,EE,Extremities,Regional Lymph Node,1,1,0,0,0,0,0,0,0,NA,0,"R,r",4,3,2,2,10,5,2,1,1,1,0,2,6,10,0,3,1,3,0,3,1,3,3,2,1,3,2,0,4,6,1,3,4,42,7,18,95,145,68,134,0,44,9,26,123,316,118,133,0,1,0,7,0,5,3,5,1,2,4,1,5,3,2,3,2,4,4,3,0,4,6,2,2,2,2,11,4,6,1,8,3,1,2,0,1,1,1,4,1,1,2,2,1,2,4,0,26,61,42,52,36,1282,217,1499
TCGA-ER-A193,62,NA,MALE,NA,NO,ER,Head and Neck,Regional Lymph Node,0,0,0,0,0,0,1,0,0,NA,0,"R,0",2,1,1,2,3,2,1,3,1,1,0,1,7,9,1,3,2,3,2,2,0,1,5,1,1,2,1,0,1,2,0,3,4,75,4,17,142,205,70,171,6,49,2,28,200,579,234,163,5,7,6,8,2,2,2,7,5,0,2,6,9,9,2,10,2,2,8,4,3,6,11,11,7,3,5,13,11,8,10,9,5,2,3,3,2,3,1,6,1,2,5,2,2,6,3,6,52,113,82,38,26,1949,311,2260
TCGA-ER-A194,77,4.5,MALE,IV,YES,ER,Other,Primary Tumor,2,0,0,0,0,0,0,0,0,NA,0,"r,r",1,1,1,1,8,1,1,4,2,0,0,0,2,2,0,3,1,2,0,1,0,2,2,0,0,1,2,1,2,3,0,2,4,41,2,13,114,197,63,136,6,36,5,30,140,419,176,126,2,1,4,3,1,3,2,3,0,1,2,3,4,0,2,7,0,1,2,0,3,1,6,6,2,2,2,17,10,5,2,3,1,1,2,5,0,0,1,1,0,0,3,1,1,2,1,2,21,62,38,27,19,1508,167,1675
TCGA-ER-A195,46,NA,MALE,NA,NA,ER,Trunk,Regional Lymph Node,0,0,1,0,0,0,0,0,0,NA,0,"r,0",1,1,0,0,0,0,0,0,0,0,0,1,0,0,0,1,0,0,0,0,1,0,0,0,0,2,0,1,0,1,0,0,0,6,0,3,16,28,8,21,1,6,1,5,29,80,32,21,0,1,0,2,0,0,0,0,0,2,0,1,1,1,0,0,0,1,0,1,0,1,0,0,1,0,1,4,1,0,0,2,1,0,0,0,0,0,0,0,0,0,0,0,0,1,0,0,2,12,8,4,5,257,31,288
TCGA-ER-A198,45,10,MALE,NA,YES,ER,Other,regional (sub)cutaneous tissue,0,0,0,0,0,0,0,1,0,NA,0,"r,0",1,0,0,1,5,3,0,1,0,0,0,0,0,0,1,0,1,0,0,0,0,0,0,2,1,0,0,0,0,3,0,2,3,21,5,4,52,65,27,55,1,18,4,5,50,131,53,30,0,3,1,3,0,0,2,1,0,0,4,1,0,0,1,1,2,0,1,1,1,0,1,3,0,0,1,4,0,0,1,1,0,1,0,0,0,1,1,1,1,0,3,1,0,3,2,0,14,16,17,12,9,524,68,592
TCGA-ER-A199,86,3,FEMALE,IV,YES,ER,Extremities,Regional Lymph Node,0,0,0,0,1,0,0,0,0,NA,0,"R,0",0,1,1,1,2,0,0,0,0,0,0,0,0,2,0,0,0,0,0,1,0,0,0,0,0,1,1,0,0,1,0,1,1,7,1,5,24,32,6,26,0,9,1,7,31,68,35,12,1,1,1,1,0,1,0,1,0,1,1,0,0,0,1,1,0,1,0,1,1,1,1,1,1,0,0,2,1,0,1,1,0,0,1,0,0,1,0,1,0,0,0,0,0,2,0,0,5,12,10,7,5,265,39,304
TCGA-ER-A19A,79,NA,MALE,NA,NA,ER,NA,regional (sub)cutaneous tissue,0,0,0,0,0,0,0,0,0,NA,0,"0,0",0,0,0,1,0,0,0,0,0,0,0,0,0,1,0,0,0,0,1,0,0,0,0,0,0,0,0,0,0,0,0,0,0,4,0,3,5,9,3,15,0,4,1,3,14,43,31,15,0,0,0,0,0,0,0,0,0,0,0,0,0,0,0,1,0,0,0,0,0,0,1,0,0,0,0,0,1,1,0,0,0,0,0,0,0,0,0,0,0,0,0,1,1,0,0,0,2,3,1,2,1,150,9,159
TCGA-ER-A19B,42,NA,MALE,NA,NA,ER,Trunk,regional (sub)cutaneous tissue,0,0,0,0,2,0,0,0,0,NA,0,"R,R",0,1,0,0,1,0,1,0,0,0,0,0,1,0,0,0,0,0,1,0,0,1,0,0,0,0,0,2,0,2,1,0,0,2,1,0,2,4,1,3,1,0,2,1,5,8,8,3,1,0,0,0,0,0,0,1,1,0,2,0,0,0,0,0,4,3,3,6,3,2,2,3,7,6,3,2,0,3,2,1,0,0,0,0,0,0,0,0,0,1,1,0,0,0,0,0,2,50,5,4,7,41,68,109
TCGA-ER-A19C,77,0.75,MALE,III,NO,ER,Trunk,Regional Lymph Node,0,0,0,0,0,0,0,0,0,NA,0,"0,0",0,0,0,0,1,0,0,0,0,0,0,0,0,1,0,0,0,0,0,1,0,0,0,1,0,0,1,0,0,1,0,0,0,1,1,2,7,11,0,10,0,1,3,3,12,24,7,13,0,0,0,0,0,0,0,1,0,0,1,0,0,0,0,0,0,0,0,1,0,0,0,0,1,1,0,1,0,0,1,0,0,0,1,0,0,0,0,1,0,0,0,1,0,0,0,0,3,5,2,2,4,95,16,111
TCGA-ER-A19D,46,1.75,FEMALE,IV,NO,ER,Trunk,regional (sub)cutaneous tissue,1,0,0,0,0,0,0,0,0,NA,0,"r,0",1,0,0,1,2,0,0,1,1,1,1,0,1,0,0,1,0,1,2,0,0,0,1,0,0,0,1,0,1,2,1,2,2,16,4,8,42,53,23,61,1,20,2,8,40,135,70,43,0,0,0,2,2,1,0,1,1,0,1,3,0,2,1,7,0,3,0,3,0,0,1,0,1,0,1,2,2,2,3,3,0,1,0,0,0,0,1,1,0,0,2,0,0,0,1,1,7,21,21,10,11,528,70,598
TCGA-ER-A19E,36,1.1,FEMALE,III,NO,ER,Extremities,Regional Lymph Node,0,1,0,0,0,0,0,0,0,NA,0,"R,0",3,4,2,1,2,2,1,3,1,3,0,0,3,1,2,2,2,0,2,0,2,4,2,1,0,1,0,2,3,1,0,3,1,18,4,7,31,51,16,29,0,23,2,7,47,113,64,37,0,1,1,1,1,1,1,5,0,0,1,0,0,1,1,3,4,0,1,3,0,2,0,1,2,1,4,5,3,4,1,2,1,0,1,2,1,1,1,1,0,2,4,0,0,1,1,0,16,33,17,30,23,450,119,569
TCGA-ER-A19F,82,6.7,MALE,NA,NA,ER,Extremities,Regional Lymph Node,0,0,0,0,0,0,0,0,0,NA,0,"0,0",3,0,2,1,2,1,3,2,0,2,1,1,2,5,0,3,0,1,1,0,0,2,1,2,0,2,1,0,0,1,1,0,0,35,2,3,82,116,30,91,1,29,0,19,92,293,121,91,0,0,2,8,4,0,1,3,1,0,4,2,1,3,1,3,3,2,2,7,1,3,2,5,4,1,1,14,5,6,5,2,1,2,1,2,0,0,0,2,1,1,3,1,3,2,0,0,19,63,33,28,12,1005,155,1160
TCGA-ER-A19G,48,1.6,FEMALE,II,NO,ER,Extremities,Regional Lymph Node,0,0,0,0,0,0,1,0,0,NA,0,"R,0",1,0,0,1,2,2,0,4,0,0,1,0,1,0,3,1,0,0,1,0,2,0,3,0,0,2,2,0,1,0,0,0,0,17,6,9,38,72,21,49,2,9,6,9,47,140,55,37,0,1,0,1,0,1,0,1,1,1,2,1,2,0,0,2,1,1,1,1,0,3,0,1,2,3,2,7,4,4,0,1,0,0,1,1,0,1,2,4,1,1,4,1,1,1,0,2,20,31,13,16,11,517,91,608
TCGA-ER-A19H,40,0.4,MALE,II,NA,ER,Trunk,regional (sub)cutaneous tissue,1,0,0,0,0,0,0,0,0,NA,0,"r,0",1,0,0,0,2,2,2,2,1,0,0,0,1,1,0,0,0,0,0,0,2,0,0,0,0,0,0,0,0,0,0,0,0,7,2,3,33,27,5,15,1,9,3,2,15,67,33,28,1,1,1,2,0,0,0,0,2,1,1,0,0,1,1,2,2,1,0,0,0,0,1,3,0,1,0,5,2,2,3,0,0,0,1,0,0,0,0,0,0,0,0,0,0,0,1,0,2,20,13,12,2,250,49,299
TCGA-ER-A19J,54,NA,MALE,NA,NA,ER,NA,Regional Lymph Node,0,0,0,0,0,0,0,0,0,NA,0,"0,0",0,1,0,0,0,0,0,0,0,0,0,1,0,0,1,0,0,1,1,0,0,0,1,1,0,0,0,0,2,1,1,0,0,5,4,2,17,24,8,15,0,7,1,0,31,65,32,15,0,0,0,1,0,0,1,0,0,0,1,0,0,0,0,1,0,0,0,0,0,0,3,2,1,0,0,1,0,1,0,5,0,0,0,0,0,1,2,0,0,1,4,1,0,2,0,0,11,13,4,3,8,226,39,265
TCGA-ER-A19K,79,6.8,FEMALE,V,YES,ER,Head and Neck,Primary Tumor,1,0,0,0,0,0,0,0,0,NA,0,"r,0",0,1,0,0,2,1,0,0,1,1,1,0,0,1,0,0,2,0,0,0,1,0,1,0,0,0,0,0,2,1,0,1,1,11,4,5,23,33,22,28,0,13,7,4,32,145,36,33,1,1,0,0,0,1,1,2,0,1,1,0,2,0,0,0,0,1,1,0,0,3,1,2,0,0,1,2,1,1,0,1,0,0,3,0,0,2,1,1,0,1,0,0,1,0,0,1,10,14,10,8,8,397,50,447
TCGA-ER-A19L,35,NA,MALE,NA,NA,ER,Extremities,Regional Lymph Node,1,0,0,0,0,0,1,0,0,NA,0,"R,r",1,0,0,0,0,1,0,0,0,0,0,0,0,0,0,0,0,1,0,0,0,0,1,0,0,1,0,0,0,0,0,2,0,3,0,1,3,5,3,7,0,1,0,1,8,15,5,1,0,0,1,0,0,0,0,0,0,0,1,0,0,1,0,0,1,0,2,0,0,0,0,1,0,0,0,0,1,0,0,0,0,1,0,0,0,0,0,1,0,0,0,0,0,0,0,0,2,5,3,2,5,53,17,70
TCGA-ER-A19M,36,1.9,MALE,IV,NO,ER,Extremities,Regional Lymph Node,0,0,1,0,0,0,1,0,0,NA,0,"R,r",1,0,0,0,3,2,0,1,0,0,2,0,1,1,0,0,1,0,2,0,0,2,2,1,1,0,0,0,0,1,3,1,1,21,2,3,37,81,28,58,3,19,2,9,54,149,66,45,1,0,0,0,0,0,1,1,1,0,1,1,3,3,1,2,1,0,2,1,1,0,1,0,0,2,0,4,1,1,1,1,0,0,1,1,0,2,0,1,0,1,2,1,1,0,1,1,12,16,15,11,14,578,68,646
TCGA-ER-A19N,47,NA,MALE,NA,NA,ER,NA,Regional Lymph Node,0,0,0,0,1,0,0,0,0,NA,0,"R,0",0,0,0,1,2,1,2,0,0,1,0,0,2,0,1,1,0,0,1,0,1,1,0,0,1,0,0,0,0,1,0,0,0,12,1,1,24,45,9,35,2,12,1,11,38,107,45,44,0,1,1,0,0,0,0,0,1,0,0,1,1,0,0,1,0,0,1,0,0,0,2,6,1,1,2,3,2,0,0,2,1,0,1,0,0,0,0,2,0,0,1,0,1,1,0,1,8,20,6,11,5,387,50,437
TCGA-ER-A19O,56,NA,MALE,NA,NA,ER,Trunk,Regional Lymph Node,0,0,0,0,0,0,0,0,0,NA,0,"0,0",0,0,0,0,1,2,0,1,0,0,0,0,0,0,0,0,0,0,0,0,0,0,0,0,0,1,0,0,0,0,0,0,2,2,1,2,7,16,3,11,0,7,2,3,17,45,27,12,2,1,0,1,0,0,0,0,1,0,1,0,0,0,0,0,0,1,0,0,1,1,1,0,3,0,2,3,0,0,0,0,0,2,2,0,0,0,1,0,0,0,1,0,0,0,0,0,6,12,6,4,1,157,29,186
TCGA-ER-A19P,47,NA,FEMALE,IV,NA,ER,Extremities,Regional Lymph Node,0,0,0,0,0,0,0,0,0,NA,0,"0,0",4,0,1,1,22,8,11,2,3,1,3,1,8,1,5,2,0,0,0,0,16,14,22,6,0,1,1,1,0,2,3,1,0,11,1,2,13,16,5,26,1,7,1,5,11,45,18,16,0,2,1,0,0,1,2,0,0,0,2,0,0,0,0,0,0,0,1,2,1,1,2,5,0,0,0,1,0,0,1,1,0,1,0,1,0,0,0,1,0,1,0,0,0,0,0,0,4,15,8,73,67,178,167,345
TCGA-ER-A19Q,37,1.2,FEMALE,III,NO,ER,Extremities,Regional Lymph Node,0,0,1,0,0,0,0,0,0,NA,0,"r,0",1,0,0,0,0,0,0,0,0,0,0,0,0,0,0,0,1,0,0,0,0,0,1,0,0,0,0,0,1,0,0,0,1,3,3,1,11,14,3,12,0,2,2,4,12,27,23,8,1,0,0,0,1,0,0,1,0,0,1,0,0,0,0,0,1,1,0,0,0,0,1,0,0,0,0,0,1,0,0,0,0,0,0,0,0,0,0,0,0,0,0,0,0,0,0,1,1,4,4,1,3,126,13,139
TCGA-ER-A19S,81,NA,FEMALE,NA,NA,ER,NA,Regional Lymph Node,0,1,0,0,0,0,0,0,0,NA,0,"R,0",1,2,0,0,3,0,0,0,0,1,1,0,0,0,0,0,1,1,1,0,0,0,1,0,0,0,0,0,0,2,0,1,0,6,4,2,11,23,9,13,3,4,1,2,19,51,16,10,1,0,1,0,1,0,1,0,0,0,1,0,0,0,1,0,0,0,1,0,0,0,2,4,2,0,3,1,1,0,0,0,0,1,0,2,0,0,1,0,1,0,2,0,0,0,1,1,9,14,6,8,7,174,44,218
TCGA-ER-A1A1,58,NA,MALE,NA,NA,ER,NA,Regional Lymph Node,0,0,1,0,0,0,0,0,0,NA,0,"r,0",0,0,0,0,0,0,0,0,0,0,0,0,0,0,0,0,0,0,0,0,0,0,0,0,0,0,0,0,0,0,0,0,0,2,0,0,1,4,1,4,0,0,0,0,0,10,1,5,0,0,0,0,1,0,0,0,0,0,0,0,0,0,0,0,0,0,0,0,2,0,0,1,0,0,0,1,0,0,2,0,0,0,1,0,0,1,0,0,0,0,0,0,0,0,0,0,2,6,1,0,0,28,9,37
TCGA-ER-A2NC,50,1.97,MALE,NA,NO,ER,Extremities,Distant Metastasis,1,0,0,0,0,0,0,0,1,NA,0,"R,r",1,0,0,1,1,2,0,3,0,0,0,0,1,4,1,0,0,0,0,0,1,1,2,0,0,1,0,1,3,0,0,0,0,16,3,9,50,47,17,42,1,12,1,6,44,123,52,32,2,0,0,1,1,1,0,0,0,0,1,0,1,0,0,1,0,0,0,1,0,1,2,3,2,0,0,1,3,0,1,2,1,2,1,0,0,1,0,1,0,0,0,0,1,0,1,0,8,16,8,14,9,455,55,510
TCGA-ER-A2ND,57,1,FEMALE,IV,NO,ER,Extremities,Distant Metastasis,0,0,0,0,0,0,0,0,1,NA,0,"R,0",1,0,0,0,0,1,1,0,1,0,0,0,1,3,0,0,0,0,0,0,0,0,0,0,0,0,0,0,0,1,0,0,0,3,3,2,3,3,6,9,1,4,4,4,7,19,13,4,0,1,1,1,0,1,2,0,0,0,1,0,0,0,0,0,0,1,0,2,1,2,0,0,0,2,4,6,2,2,0,1,0,1,4,0,0,0,3,1,0,0,1,0,0,1,1,0,12,23,7,8,1,85,51,136
TCGA-ER-A2NF,53,4,MALE,V,YES,ER,Head and Neck,Primary Tumor,0,0,0,0,0,0,1,0,0,NA,0,"R,0",0,0,0,0,0,0,0,0,0,0,1,0,0,1,0,0,0,0,0,0,0,0,0,0,0,0,0,0,0,0,0,0,0,1,3,0,1,3,3,2,0,0,2,2,1,9,3,2,0,0,0,0,0,0,0,0,0,0,0,0,0,0,0,0,1,0,0,0,0,0,1,0,0,0,0,0,0,0,0,0,0,0,0,0,0,0,1,0,0,1,0,0,0,0,1,0,3,2,0,2,0,32,7,39
TCGA-ER-A2NG,43,3,FEMALE,III,YES,ER,Trunk,Regional Lymph Node,0,0,0,0,1,1,0,0,0,NA,0,"R,R",0,0,0,0,1,1,0,0,0,0,0,0,0,0,0,1,1,3,0,3,1,0,0,1,0,4,0,4,4,1,3,11,1,9,0,1,13,38,9,15,2,5,0,3,26,69,19,17,1,1,2,2,1,0,2,0,0,0,2,1,0,0,0,0,0,0,0,1,0,2,0,0,0,1,0,3,0,3,0,0,0,2,1,0,0,2,1,3,0,2,2,0,2,1,0,3,19,10,12,3,36,227,80,307
TCGA-ER-A2NH,49,4,MALE,IV,NO,ER,Trunk,Regional Lymph Node,1,0,1,0,0,0,0,0,0,NA,0,"r,r",0,2,0,0,1,0,0,0,0,0,0,0,1,0,1,0,0,0,0,0,0,1,0,0,1,1,0,0,0,0,0,1,0,4,2,1,13,30,3,17,1,6,0,6,25,87,36,27,0,0,0,2,0,0,0,0,0,0,1,0,0,0,0,2,1,0,1,1,0,1,0,0,0,0,0,6,1,1,2,1,0,0,1,0,0,0,0,1,0,0,2,0,0,1,0,1,6,15,5,5,4,258,35,293
TCGA-ER-A3ES,25,NA,MALE,NA,NA,ER,Extremities,Distant Metastasis,1,0,0,0,1,0,0,0,0,NA,0,"R,r",0,0,0,0,0,0,0,0,1,0,0,0,0,1,0,0,0,0,0,1,0,0,0,0,0,0,0,0,0,0,0,1,0,0,3,0,1,0,1,0,0,0,3,0,0,1,3,0,0,0,0,0,0,0,2,1,0,0,0,0,0,0,0,0,0,0,0,0,0,0,0,0,0,0,0,0,0,0,0,0,0,0,1,0,1,0,1,1,0,0,0,0,0,0,0,0,4,0,3,2,2,12,11,23
TCGA-ER-A3PL,30,2.2,MALE,V,YES,ER,Extremities,regional (sub)cutaneous tissue,0,0,1,0,0,0,0,0,0,NA,0,"r,0",0,0,0,0,2,0,1,1,1,0,0,0,0,3,0,1,0,0,2,0,0,0,0,0,0,0,0,0,0,1,0,0,0,14,5,2,50,72,22,40,1,10,3,7,35,121,44,42,1,2,0,0,0,0,0,0,0,0,1,1,0,0,0,0,0,0,2,1,0,0,0,1,0,1,1,5,0,0,0,1,0,2,1,1,0,0,0,0,0,0,0,1,1,0,0,0,6,12,5,9,3,468,35,503
TCGA-FR-A2OS,49,NA,FEMALE,V,YES,FR,Extremities,Primary Tumor,0,0,0,0,0,0,0,0,0,NA,0,"0,0",0,0,0,0,0,0,0,0,0,0,0,0,1,0,0,1,0,1,0,0,0,0,0,0,0,0,0,0,0,0,0,0,0,0,2,0,0,0,4,0,0,0,1,0,0,0,2,0,0,0,0,0,0,0,0,1,0,0,0,0,0,0,0,0,0,0,0,0,0,0,0,0,0,0,0,2,1,0,0,0,0,0,0,0,0,0,1,0,0,0,1,0,0,0,0,0,2,3,1,2,1,9,9,18
TCGA-FR-A3R1,69,6.3,MALE,V,YES,FR,Extremities,Primary Tumor,0,0,0,0,0,0,0,0,1,NA,0,"R,0",2,1,1,1,3,1,2,2,0,0,0,0,1,3,0,1,0,0,0,0,0,0,0,1,0,0,0,0,0,1,0,0,0,16,4,5,52,70,22,55,2,10,3,7,34,131,72,35,1,0,0,0,1,0,0,2,1,1,1,0,0,1,0,1,0,0,1,0,1,1,1,2,1,1,0,3,0,0,0,1,0,0,1,0,0,0,0,1,0,0,4,0,0,1,0,0,7,12,9,18,2,518,48,566
TCGA-FR-A3YN,44,1.25,MALE,IV,NO,FR,Extremities,Regional Lymph Node,1,0,0,0,1,0,0,0,0,NA,0,"R,r",1,1,0,1,2,0,2,3,0,0,0,0,4,5,1,4,0,2,1,0,1,0,1,1,1,1,0,2,0,2,1,0,3,25,1,7,64,75,25,51,2,17,3,5,65,173,93,57,0,1,0,4,0,0,0,1,2,0,1,0,2,2,1,0,1,2,2,2,2,2,4,5,1,1,3,8,5,4,3,5,0,1,2,0,0,1,0,0,0,0,1,4,0,2,0,1,12,50,14,24,13,666,113,779
TCGA-FR-A3YO,57,NA,FEMALE,NA,NA,FR,Extremities,Distant Metastasis,0,0,0,0,1,0,0,0,0,NA,0,"R,0",1,1,0,1,2,3,0,3,2,0,0,0,1,3,0,3,1,1,3,0,0,1,1,0,2,0,1,0,2,1,0,2,1,30,2,4,76,116,38,75,0,30,4,19,99,291,132,87,2,0,5,2,1,3,2,0,3,0,0,3,3,0,0,3,1,1,3,3,4,0,4,2,2,0,4,9,5,4,2,3,0,1,1,0,1,1,0,0,0,2,0,1,1,0,0,0,8,47,27,20,15,1004,117,1121
TCGA-FR-A44A,29,2.51,FEMALE,IV,NO,FR,Extremities,Regional Lymph Node,0,0,1,0,0,0,1,0,0,NA,0,"R,r",1,0,0,0,2,2,0,2,0,0,0,1,2,4,0,0,0,0,0,2,0,1,0,0,0,0,0,0,1,2,0,1,2,12,2,4,31,32,26,32,0,16,3,8,31,87,38,31,1,0,0,2,0,0,0,0,0,0,2,1,0,2,1,0,2,0,0,1,1,0,0,1,0,0,0,5,0,0,2,1,0,1,0,1,0,1,2,1,0,2,1,0,0,0,1,3,13,13,9,14,7,355,56,411
TCGA-FR-A69P,34,NA,FEMALE,NA,NA,FR,NA,Regional Lymph Node,0,0,1,0,0,0,0,0,0,NA,0,"r,0",1,0,0,0,1,0,0,1,0,0,0,0,0,1,0,1,0,0,0,0,0,1,0,0,0,0,0,0,0,0,0,0,0,9,1,5,16,28,11,9,0,8,2,2,20,66,35,23,0,0,0,0,0,0,0,1,0,1,0,0,0,0,0,0,0,0,1,0,2,0,0,1,0,0,0,6,1,0,3,1,0,1,0,0,0,0,0,0,1,0,2,0,0,0,0,0,4,15,2,5,1,235,27,262
TCGA-FS-A1YW,52,1,MALE,IV,NO,FS,Trunk,Regional Lymph Node,0,0,0,0,0,0,0,0,0,NA,0,"0,0",2,1,0,0,0,0,0,0,0,0,0,0,0,1,1,2,0,0,0,1,1,0,0,0,1,0,2,0,0,0,0,0,0,3,3,1,9,15,8,16,0,7,3,3,21,50,23,14,0,1,0,1,0,0,0,1,0,0,1,0,1,1,1,0,0,0,0,0,1,0,0,1,0,0,1,1,1,0,0,0,0,1,1,0,0,0,0,0,0,0,1,0,1,0,0,2,6,5,7,7,5,176,30,206
TCGA-FS-A1YX,39,1.1,FEMALE,IV,NO,FS,Trunk,regional (sub)cutaneous tissue,0,0,0,0,0,0,0,0,0,NA,0,"0,0",1,0,0,0,2,1,0,0,0,0,0,0,1,0,0,0,0,0,0,0,0,0,0,0,0,0,0,0,0,1,0,0,0,0,0,1,2,1,0,1,0,1,3,0,1,2,2,1,0,0,0,0,0,0,0,0,0,0,1,0,0,1,0,0,0,0,0,0,0,0,0,0,0,0,0,0,1,0,0,0,0,0,0,0,0,0,0,0,0,0,0,1,0,1,0,0,2,1,2,5,1,15,11,26
TCGA-FS-A1YY,55,2.7,FEMALE,IV,NO,FS,Trunk,Distant Metastasis,1,0,0,0,0,0,0,0,0,NA,0,"r,0",1,0,0,0,0,0,0,2,0,0,0,0,3,2,0,1,0,0,0,0,0,0,0,0,0,0,0,1,0,2,0,1,0,6,4,3,22,24,13,19,0,5,3,3,18,74,22,17,1,0,0,0,0,1,0,0,0,0,1,0,1,0,0,0,1,0,0,0,1,0,0,1,1,0,2,2,0,1,1,0,0,0,0,0,0,2,0,0,0,0,1,0,0,0,0,0,3,10,4,9,4,233,30,263
TCGA-FS-A1Z0,32,0.95,FEMALE,III,NO,FS,Extremities,Distant Metastasis,0,0,2,0,0,0,0,0,0,NA,0,"r,r",0,1,0,1,0,0,1,1,0,1,0,0,0,1,0,1,1,0,1,0,2,0,1,0,0,1,0,0,0,0,0,0,1,7,4,3,17,28,10,22,1,3,4,8,25,58,34,26,1,0,0,0,0,1,1,3,0,0,0,0,1,2,0,2,0,0,1,1,1,0,1,3,0,0,0,6,0,2,3,2,1,0,0,2,0,1,0,0,0,0,1,2,0,0,0,0,7,20,11,7,6,251,51,302
TCGA-FS-A1Z3,72,NA,FEMALE,NA,NA,FS,NA,Distant Metastasis,0,0,0,0,0,0,0,0,0,NA,0,"0,0",0,0,0,1,3,1,1,3,2,0,0,1,1,8,0,4,1,0,1,0,1,0,1,0,0,0,1,0,0,1,1,1,3,24,2,7,79,132,37,112,2,25,1,15,124,301,159,98,2,2,7,2,0,4,2,5,2,1,3,4,1,3,0,13,4,2,5,1,2,1,2,11,2,3,2,18,2,3,4,5,1,1,2,3,0,1,2,1,0,1,5,0,2,2,1,3,25,67,51,25,8,1121,176,1297
TCGA-FS-A1Z4,62,0.85,MALE,III,NO,FS,Extremities,Regional Lymph Node,0,0,0,0,0,0,0,0,0,NA,0,"0,0",0,0,0,0,0,0,0,1,1,0,0,0,0,0,0,0,0,0,0,0,0,0,0,0,0,0,0,0,0,0,0,0,0,3,1,1,1,1,0,2,0,0,1,2,2,14,0,1,0,0,0,0,0,0,0,0,0,0,1,0,0,0,0,0,0,0,0,0,0,1,0,2,0,0,0,1,0,0,0,0,0,0,1,0,0,0,0,0,0,0,0,0,0,0,0,0,1,4,1,2,0,29,8,37
TCGA-FS-A1Z7,19,17,MALE,V,YES,FS,Head and Neck,Regional Lymph Node,0,0,0,0,2,0,0,0,0,NA,0,"R,R",0,0,0,0,0,0,0,0,0,0,0,0,0,0,0,0,0,0,1,0,0,0,0,0,0,1,0,0,0,0,1,0,1,13,3,0,14,25,13,17,0,9,0,6,23,59,21,15,0,0,0,0,0,0,0,0,0,1,1,1,0,0,0,1,1,0,0,1,1,0,0,0,0,0,0,1,2,0,1,1,0,0,1,0,1,0,0,0,0,0,2,0,0,0,1,0,5,8,4,0,3,219,20,239
TCGA-FS-A1ZA,45,4.5,FEMALE,IV,YES,FS,Trunk,Distant Metastasis,0,0,0,1,0,0,0,0,0,NA,0,"R,0",0,3,1,0,2,0,2,2,0,2,0,1,2,9,2,4,0,0,2,0,1,2,2,2,2,1,1,0,1,4,3,3,2,32,4,8,98,115,32,100,1,21,2,27,140,331,168,108,4,1,1,8,1,2,3,5,0,0,2,3,1,5,2,8,2,0,4,0,3,1,1,13,1,1,0,25,7,4,5,6,1,2,0,0,1,2,5,1,0,1,0,2,1,1,2,4,23,73,46,30,24,1189,196,1385
TCGA-FS-A1ZB,57,3,MALE,II,NO,FS,Trunk,Distant Metastasis,1,0,0,0,0,0,0,0,0,NA,0,"r,0",1,0,0,1,2,0,0,0,0,0,0,0,1,0,0,1,0,0,0,0,1,0,0,0,0,0,0,0,0,0,0,0,0,6,2,0,12,21,3,17,2,5,1,2,20,55,19,16,1,0,0,1,0,1,1,0,0,0,0,0,0,1,0,0,2,1,0,1,0,0,0,1,0,1,0,2,0,2,2,1,0,0,0,0,0,0,0,0,0,0,0,0,0,1,0,1,2,13,5,6,1,181,27,208
TCGA-FS-A1ZC,51,NA,MALE,III,NA,FS,Trunk,Distant Metastasis,0,0,0,0,0,0,1,0,0,NA,0,"R,0",1,1,0,1,0,0,0,0,0,1,0,1,1,0,2,0,0,1,1,0,3,2,1,1,0,2,0,0,2,3,0,1,3,22,6,10,52,75,22,73,2,14,2,19,79,212,100,58,1,0,0,2,1,1,3,3,0,0,2,0,3,2,0,4,0,3,1,3,3,2,5,3,0,2,1,6,1,2,2,3,0,0,1,1,1,3,4,3,0,1,3,3,0,0,0,1,21,37,22,8,17,749,105,854
TCGA-FS-A1ZD,63,1.18,MALE,III,YES,FS,Extremities,Regional Lymph Node,0,0,0,0,0,0,1,0,0,NA,0,"R,0",0,1,0,1,2,2,0,0,0,0,0,0,2,1,0,2,0,0,0,0,0,1,0,0,0,0,0,0,0,0,2,0,0,12,2,3,14,26,11,26,1,9,2,1,24,64,24,23,1,1,0,1,1,0,0,0,0,1,3,1,0,0,0,0,1,0,0,3,1,0,0,1,1,0,1,8,1,3,2,0,0,0,3,1,0,0,0,2,0,1,2,0,1,1,0,1,12,22,9,11,3,242,57,299
TCGA-FS-A1ZE,40,5,MALE,III,YES,FS,Trunk,Distant Metastasis,1,0,0,0,0,0,0,0,0,NA,0,"r,0",1,0,0,1,0,0,1,0,1,2,0,0,0,0,0,2,0,0,0,0,0,0,1,1,0,0,0,0,0,1,1,1,1,9,3,1,15,8,8,11,1,6,1,1,20,35,17,13,1,0,0,0,0,0,1,0,0,0,0,0,1,0,0,0,0,1,2,2,1,2,0,1,0,1,0,1,2,2,0,3,0,0,0,0,0,1,1,0,0,0,0,0,0,0,0,0,2,18,3,8,5,150,36,186
TCGA-FS-A1ZF,78,4.3,FEMALE,IV,YES,FS,Extremities,Distant Metastasis,1,0,0,0,0,0,0,0,0,NA,0,"r,0",1,0,0,0,0,0,0,0,0,0,0,0,1,3,0,1,0,0,0,1,0,1,0,0,1,0,0,0,0,1,0,0,0,7,3,3,14,22,7,16,2,9,5,4,16,44,23,27,2,0,3,1,0,1,1,1,0,1,2,0,1,2,1,1,2,0,2,1,2,0,1,1,0,0,1,5,1,0,0,1,1,0,0,0,0,1,1,0,0,0,3,0,0,0,0,1,7,17,17,6,4,202,51,253
TCGA-FS-A1ZG,60,6,FEMALE,V,YES,FS,Extremities,Regional Lymph Node,0,0,0,0,0,0,0,0,0,NA,0,"0,0",0,0,1,0,0,0,0,2,0,0,1,0,1,0,0,0,0,0,0,0,0,0,0,0,0,0,0,0,1,0,0,1,0,0,2,0,0,0,1,2,1,0,3,0,1,0,0,1,0,0,0,0,0,0,0,0,0,0,0,0,1,1,0,0,0,0,0,0,0,1,0,1,0,1,1,1,0,1,2,0,0,1,0,0,0,1,0,0,1,0,0,0,0,0,0,1,4,8,2,5,2,11,21,32
TCGA-FS-A1ZH,71,3,FEMALE,IV,YES,FS,Extremities,Regional Lymph Node,0,0,1,0,0,0,0,0,0,NA,0,"r,0",0,0,0,0,0,1,0,0,1,1,0,0,0,0,0,0,0,0,0,0,0,1,0,0,0,0,0,0,0,0,0,0,0,0,1,2,0,2,3,1,1,0,2,1,1,1,3,5,0,0,0,0,0,1,1,0,0,0,1,0,0,0,0,0,0,0,0,0,1,0,0,0,0,1,1,1,0,1,0,0,0,0,0,0,0,0,0,0,0,0,0,0,0,1,0,0,1,5,3,3,1,23,13,36
TCGA-FS-A1ZJ,75,1.22,FEMALE,IV,NO,FS,Trunk,Regional Lymph Node,1,0,0,0,0,0,0,0,0,NA,0,"r,0",2,1,1,0,0,0,1,1,0,0,0,1,0,2,0,0,0,1,0,1,1,2,0,2,2,0,0,1,1,0,1,0,0,2,8,0,2,2,0,0,0,0,5,1,4,4,1,5,1,0,1,1,1,2,1,0,1,0,0,0,0,0,2,0,0,0,1,2,1,0,1,0,1,1,0,0,0,0,0,0,0,0,1,0,0,0,0,0,0,0,0,0,0,0,0,1,2,7,10,9,12,34,40,74
TCGA-FS-A1ZK,68,5,MALE,IV,NA,FS,Head and Neck,Distant Metastasis,0,0,0,0,0,0,1,0,0,NA,0,"R,0",2,0,0,1,7,1,1,5,1,1,1,0,2,6,0,3,1,1,1,2,0,2,1,3,0,2,2,1,6,5,0,7,1,54,5,18,124,274,54,210,2,40,1,37,124,428,165,176,6,2,2,9,0,3,1,4,1,1,2,3,5,2,2,10,4,1,8,1,2,2,2,10,0,2,4,19,5,5,2,4,0,3,5,1,0,3,7,6,2,1,19,2,0,3,4,5,61,71,53,31,34,1713,250,1963
TCGA-FS-A1ZM,74,1.2,MALE,IV,NA,FS,Extremities,regional (sub)cutaneous tissue,0,0,0,0,0,0,1,1,0,NA,0,"R,r",0,0,0,1,3,1,1,0,0,0,0,0,0,2,0,2,0,0,0,1,1,0,1,0,0,0,0,0,1,1,0,2,1,4,2,4,18,30,11,13,1,4,2,5,15,56,21,16,0,0,0,2,0,1,2,1,0,0,3,0,1,0,1,1,1,0,1,0,0,1,1,2,0,2,0,4,1,0,2,1,0,1,1,0,0,1,1,1,0,1,0,0,0,0,2,3,11,16,12,10,7,203,56,259
TCGA-FS-A1ZN,43,8,MALE,IV,YES,FS,Trunk,Primary Tumor,1,0,0,0,0,0,0,0,0,NA,0,"r,0",0,0,0,0,0,0,0,0,0,0,0,0,0,1,0,0,0,0,0,0,0,0,0,0,0,0,1,0,0,0,0,0,0,3,1,1,10,14,5,8,0,4,1,3,12,32,7,6,0,0,0,0,0,0,1,0,0,0,1,0,0,1,0,0,0,0,1,0,0,0,0,0,0,1,1,1,0,0,0,0,0,0,0,0,0,0,0,1,0,0,1,0,0,0,0,1,3,4,3,1,1,107,12,119
TCGA-FS-A1ZP,52,2.5,MALE,III,NA,FS,Extremities,Regional Lymph Node,0,0,0,0,2,0,0,0,0,NA,0,"R,R",0,0,0,0,3,0,0,1,1,0,0,0,0,2,1,0,0,0,0,0,0,1,1,0,0,1,0,0,1,0,1,2,0,12,0,1,30,33,16,27,1,12,3,6,56,115,72,33,0,1,2,0,0,2,1,3,0,0,1,0,1,0,3,1,0,1,0,1,1,0,3,1,0,0,0,8,1,1,2,2,0,0,1,0,0,0,0,0,0,0,4,1,0,0,0,0,6,21,15,8,7,417,57,474
TCGA-FS-A1ZQ,31,NA,MALE,NA,NA,FS,Extremities,Distant Metastasis,1,0,0,0,0,0,0,0,0,NA,0,"r,0",0,0,0,0,1,1,0,1,0,0,1,0,1,3,0,0,1,0,0,0,0,0,0,1,0,0,0,0,1,1,0,0,0,20,1,1,31,46,17,46,0,9,2,19,56,160,60,46,0,4,0,1,0,0,0,2,0,2,0,0,1,1,0,3,0,0,0,0,2,2,1,5,0,1,0,3,0,1,3,4,0,0,1,2,0,1,1,3,0,0,0,1,0,0,0,0,9,22,14,8,4,514,57,571
TCGA-FS-A1ZR,36,2,MALE,IV,NA,FS,Trunk,regional (sub)cutaneous tissue,1,0,0,0,0,0,0,0,0,NA,0,"r,0",1,0,0,0,2,0,0,0,0,0,1,0,0,0,0,1,0,0,0,0,0,0,0,0,0,0,0,0,0,0,0,0,2,7,2,0,11,20,2,12,0,7,0,2,12,46,22,8,0,0,0,1,0,0,0,1,0,0,1,0,0,0,0,0,1,0,0,1,0,0,0,0,0,0,1,0,0,1,1,0,0,0,0,0,0,0,0,0,0,1,0,0,0,0,0,0,1,5,3,5,0,153,14,167
TCGA-FS-A1ZS,54,1.15,MALE,NA,NA,FS,Trunk,Regional Lymph Node,1,0,0,0,0,0,0,0,0,NA,0,"r,0",1,3,0,0,2,0,0,1,0,0,0,1,1,4,0,0,0,0,0,1,1,0,0,0,0,0,0,1,0,1,1,2,1,15,5,9,16,35,12,26,0,5,6,3,27,73,30,18,0,0,0,3,0,0,1,0,0,0,3,0,1,2,1,0,2,0,1,1,2,1,2,2,0,1,1,3,0,2,3,2,1,0,0,0,0,2,0,0,1,0,0,0,0,1,1,0,6,23,11,13,7,281,60,341
TCGA-FS-A1ZT,55,1.15,MALE,IV,NA,FS,Extremities,Distant Metastasis,0,0,1,0,0,0,0,0,0,NA,0,"r,0",1,0,0,0,0,0,0,0,1,0,0,0,1,2,0,0,1,0,0,1,1,2,0,1,0,0,1,0,0,1,0,1,0,4,4,1,12,18,6,9,3,5,2,1,17,58,21,16,0,0,1,0,0,0,0,3,1,2,0,1,0,1,0,1,2,0,1,3,0,1,0,0,1,0,1,1,0,1,1,1,1,0,1,0,0,0,1,0,0,0,0,0,1,0,0,1,5,13,10,5,9,177,42,219
TCGA-FS-A1ZU,70,8.4,FEMALE,V,YES,FS,Extremities,Distant Metastasis,1,0,0,0,0,0,0,0,0,NA,0,"r,0",0,0,0,0,1,1,1,0,0,1,0,0,1,1,0,0,1,0,0,0,0,0,0,0,0,1,0,0,0,0,0,1,1,0,2,0,0,0,4,1,0,1,4,0,0,3,4,1,0,0,1,0,0,0,0,0,0,0,0,0,0,0,1,0,0,0,0,1,0,0,0,1,1,2,0,0,1,0,0,0,0,0,1,0,0,0,0,0,0,0,3,0,0,0,0,1,5,6,2,6,3,21,22,43
TCGA-FS-A1ZW,65,1.2,MALE,III,YES,FS,Extremities,Regional Lymph Node,1,0,0,0,0,0,0,1,0,NA,0,"r,r",2,3,0,1,2,1,0,5,1,2,1,0,1,1,1,0,0,0,1,0,0,1,0,1,0,1,0,0,0,2,0,1,1,24,4,6,40,68,27,69,3,22,2,14,83,159,101,82,0,1,0,4,1,1,1,3,0,2,0,3,0,0,4,4,2,0,1,2,1,2,2,4,0,0,1,5,2,1,0,2,0,0,3,0,0,1,1,2,0,1,6,0,0,1,2,0,17,25,24,21,7,705,94,799
TCGA-FS-A1ZY,71,2.9,MALE,IV,YES,FS,Trunk,Distant Metastasis,1,0,1,0,0,0,0,0,0,NA,0,"r,r",0,0,0,0,2,2,0,1,0,0,0,0,0,0,0,0,0,0,0,0,0,0,1,0,1,0,0,0,0,0,0,0,0,1,1,0,1,4,2,4,1,0,4,0,3,1,0,1,0,0,0,0,0,0,0,0,0,0,0,0,0,0,0,0,0,0,0,1,0,0,0,0,0,1,0,0,0,0,1,0,0,1,0,0,0,0,0,1,0,0,1,0,0,0,1,0,4,3,0,5,2,23,14,37
TCGA-FS-A1ZZ,54,3.8,FEMALE,IV,YES,FS,Trunk,Distant Metastasis,1,0,0,0,0,0,0,1,0,NA,0,"r,r",0,0,1,1,3,0,0,2,2,2,0,2,2,3,0,1,3,0,0,0,1,3,4,3,0,2,0,0,1,2,0,3,3,45,1,8,116,159,37,115,2,41,4,40,194,524,240,140,3,1,4,6,0,3,2,2,0,1,0,1,3,5,1,13,3,2,2,6,0,0,6,10,3,0,1,21,8,4,1,2,2,0,2,1,0,2,2,3,2,1,5,6,0,6,2,1,35,69,45,19,22,1669,190,1859
TCGA-FS-A4F0,67,14,FEMALE,V,NO,FS,Trunk,regional (sub)cutaneous tissue,0,0,0,0,1,0,0,0,0,NA,0,"R,0",3,0,1,1,0,1,0,1,2,0,0,0,3,3,0,1,0,0,0,0,1,0,2,2,0,0,1,2,0,1,3,2,1,26,6,9,50,84,29,75,2,15,1,8,57,160,63,54,0,0,1,5,2,2,0,1,2,2,0,1,0,1,1,4,0,2,1,1,1,1,1,4,2,2,2,7,4,3,4,2,1,0,4,0,0,0,3,0,0,1,1,1,0,2,2,1,16,37,22,16,14,640,105,745
TCGA-FS-A4F4,64,2,MALE,IV,YES,FS,Extremities,regional (sub)cutaneous tissue,0,0,0,0,0,0,1,0,0,NA,0,"R,0",0,0,0,0,0,0,0,1,0,0,1,0,1,1,0,1,2,0,0,0,0,1,0,1,1,0,0,0,2,0,0,1,0,0,2,0,2,1,2,1,0,1,3,2,4,3,4,5,0,0,0,1,1,0,0,0,0,0,0,0,1,0,0,0,0,0,0,0,0,0,1,0,0,1,0,1,0,0,0,0,0,0,0,0,0,0,1,1,0,0,0,0,0,0,0,0,2,3,3,5,8,30,21,51
TCGA-FS-A4F5,77,1.48,FEMALE,IV,NO,FS,Extremities,regional (sub)cutaneous tissue,0,0,1,0,1,0,0,0,0,NA,0,"R,r",0,0,0,0,2,2,5,2,0,1,0,0,2,6,1,1,0,1,0,0,0,0,0,2,0,2,0,1,0,0,0,1,0,27,2,8,62,106,22,75,0,18,1,14,90,265,144,65,0,4,2,3,3,0,1,2,0,1,0,1,3,2,0,2,0,3,0,0,0,3,2,0,0,1,1,14,0,3,4,3,1,0,1,0,0,1,2,1,0,0,3,0,0,0,0,0,9,34,24,22,7,899,96,995
TCGA-FS-A4F8,52,0.9,MALE,NA,NA,FS,Extremities,Regional Lymph Node,1,0,0,0,1,0,0,0,0,NA,0,"R,r",0,1,1,0,1,1,1,0,1,0,0,0,1,0,0,0,0,0,0,0,0,1,0,0,0,0,0,0,0,0,0,0,2,8,2,3,10,16,7,17,0,0,3,5,16,46,17,15,0,0,0,0,0,1,1,0,0,0,1,0,2,1,0,2,0,0,1,0,1,0,1,4,0,0,0,1,2,0,1,1,0,0,0,0,0,0,0,1,0,0,1,1,0,1,0,0,4,12,8,7,1,167,32,199
TCGA-FS-A4F9,80,10,MALE,NA,YES,FS,Trunk,Regional Lymph Node,0,0,0,0,0,0,0,0,0,NA,0,"0,0",2,0,0,0,3,1,0,0,2,0,0,1,1,1,0,0,0,1,1,2,0,0,1,0,0,0,1,0,0,0,1,0,1,11,3,7,42,68,12,33,1,16,2,9,58,142,59,40,0,2,1,2,0,0,0,0,2,0,1,1,1,1,0,0,1,0,2,1,3,1,0,3,0,0,1,5,3,3,2,1,1,1,0,0,0,1,1,1,0,0,0,0,1,0,0,0,6,26,11,11,7,504,61,565
TCGA-FS-A4FB,46,2,FEMALE,IV,NA,FS,Extremities,Regional Lymph Node,0,0,0,0,1,0,0,0,0,NA,0,"R,0",0,0,1,0,1,1,2,0,0,0,0,0,0,0,0,1,0,0,0,1,0,0,0,0,0,0,0,0,2,0,0,1,1,6,1,1,20,29,9,18,0,6,1,3,25,47,28,10,0,0,0,0,0,1,1,2,0,0,1,0,0,1,0,1,0,0,0,0,0,0,1,2,0,0,2,3,3,1,0,0,0,0,0,0,0,0,2,0,0,0,0,0,0,0,0,1,3,12,7,6,4,205,32,237
TCGA-FS-A4FC,75,4,FEMALE,IV,NO,FS,Extremities,regional (sub)cutaneous tissue,0,0,0,0,0,0,0,0,0,NA,0,"0,0",1,2,0,1,1,0,2,2,0,2,1,1,1,3,1,3,0,0,1,1,1,0,0,0,1,2,0,0,0,2,1,1,3,33,7,7,74,99,25,80,2,21,0,13,102,227,125,59,0,2,2,6,0,0,2,1,0,0,1,0,0,0,0,9,0,2,1,3,0,2,0,2,1,2,0,4,2,0,2,0,1,1,1,1,0,1,1,1,1,1,2,3,0,0,0,0,14,21,23,21,10,877,89,966
TCGA-FS-A4FD,39,2,MALE,IV,NA,FS,Trunk,Regional Lymph Node,0,1,0,0,1,0,0,0,0,NA,0,"R,R",2,0,1,1,0,3,2,2,0,0,0,0,1,2,0,3,1,1,0,0,0,0,0,1,0,1,1,1,0,1,0,1,0,8,3,0,33,64,13,27,2,19,1,4,65,146,67,57,1,3,1,2,1,0,0,1,0,1,0,1,0,1,1,4,0,1,0,0,1,1,1,1,0,1,0,9,1,1,1,1,0,0,3,0,2,0,0,1,0,2,1,0,0,0,3,2,14,19,17,17,8,509,75,584
TCGA-FW-A3I3,59,NA,FEMALE,NA,NA,FW,NA,Distant Metastasis,0,0,1,0,0,0,0,1,0,NA,0,"r,r",0,0,0,0,2,0,0,3,0,0,0,0,0,1,0,2,0,0,0,0,0,0,1,0,0,1,1,0,1,0,0,2,0,3,10,0,0,0,5,0,2,1,5,1,2,2,3,2,0,1,0,0,0,0,0,0,0,0,0,0,2,1,0,1,0,0,3,0,0,2,0,1,0,2,0,0,0,0,0,0,0,0,0,0,0,0,0,2,0,0,0,0,0,0,1,0,3,8,5,8,6,36,30,66
TCGA-FW-A3R5,68,NA,MALE,NA,NA,FW,Head and Neck,Regional Lymph Node,0,0,0,0,0,0,0,0,0,NA,0,"0,0",10,10,2,6,8,16,15,37,6,9,2,4,9,33,1,18,5,4,3,5,4,10,6,13,0,7,1,3,6,8,1,7,6,567,9,226,1715,3367,960,2727,4,678,4,596,3158,5286,3950,2214,9,14,9,16,3,25,4,27,5,12,9,7,7,16,4,40,2,6,7,8,11,8,13,57,3,1,0,28,14,15,8,15,4,7,7,2,0,11,9,14,4,6,6,8,3,8,4,11,104,196,207,186,83,25467,776,26243
TCGA-FW-A3TU,72,NA,FEMALE,IV,NA,FW,Trunk,Distant Metastasis,1,0,0,0,1,0,0,0,0,NA,0,"R,r",1,1,3,1,4,4,2,3,2,1,0,1,4,9,1,2,1,4,0,1,2,4,2,4,0,1,0,0,2,4,3,1,3,22,5,13,66,112,57,96,3,28,4,16,78,211,94,79,1,1,3,4,2,2,2,4,0,1,1,0,2,3,0,3,0,0,1,1,1,1,2,3,2,1,1,8,3,3,2,1,0,1,3,0,0,2,0,2,0,0,2,2,1,5,0,1,19,30,29,39,29,887,146,1033
TCGA-FW-A3TV,57,0.5,FEMALE,III,NA,FW,Trunk,Regional Lymph Node,1,0,0,0,0,0,0,0,0,NA,0,"r,0",1,0,0,0,1,1,0,0,0,2,0,2,0,1,1,1,0,0,1,0,0,1,0,0,0,0,0,0,0,1,1,1,0,11,0,4,29,41,18,28,0,12,1,8,47,86,49,40,0,1,0,1,1,0,0,3,0,0,1,0,0,1,0,6,0,0,1,1,0,1,0,3,0,0,0,5,1,0,2,2,1,1,0,0,0,0,0,0,0,0,0,1,1,0,1,3,8,16,14,10,5,374,53,427
TCGA-FW-A5DX,71,7,MALE,NA,NO,FW,Trunk,Primary Tumor,0,0,0,0,0,0,1,0,0,NA,0,"R,0",1,2,0,0,2,1,0,0,0,1,0,0,2,4,0,1,0,1,0,0,0,2,2,0,0,1,0,0,0,0,0,1,1,7,2,0,19,14,12,22,0,10,3,4,18,60,21,18,0,0,0,2,1,0,0,0,0,0,0,1,0,1,0,0,0,0,0,1,1,3,0,3,0,2,0,1,1,2,2,2,0,0,0,1,0,0,0,1,0,0,0,0,0,0,0,0,2,18,5,14,7,211,46,257
TCGA-GF-A2C7,48,NA,MALE,IV,YES,GF,Head and Neck,Primary Tumor,0,0,0,0,0,0,0,0,0,NA,0,"0,0",0,0,0,0,2,1,0,0,0,0,0,0,0,0,0,1,0,0,0,0,0,0,0,1,0,0,0,0,0,0,0,0,1,4,0,2,4,11,2,6,0,2,1,0,8,22,3,5,0,0,2,0,0,0,0,0,0,0,1,1,0,0,0,0,2,0,0,0,0,0,0,0,0,1,0,1,0,0,0,0,0,0,0,0,0,0,0,0,0,0,1,0,0,0,0,0,1,4,4,4,1,71,14,85
TCGA-GF-A3OT,58,NA,FEMALE,NA,NA,GF,Extremities,Regional Lymph Node,0,0,0,0,0,0,1,0,0,NA,0,"R,0",4,0,0,0,4,2,0,2,0,1,0,0,1,6,1,0,1,1,0,2,0,1,0,0,0,0,0,0,1,2,1,2,3,21,3,4,58,85,27,63,3,16,5,7,65,144,77,53,2,2,1,2,0,0,2,0,0,2,2,1,2,0,0,3,0,0,0,2,0,0,2,2,0,1,1,6,3,3,2,3,0,1,2,0,0,0,3,1,0,1,0,0,2,1,2,1,14,25,19,21,11,634,90,724
TCGA-GF-A4EO,74,NA,FEMALE,NA,NA,GF,NA,Regional Lymph Node,1,0,0,0,0,0,0,0,0,NA,0,"r,0",0,1,0,0,2,0,1,3,1,0,0,1,2,1,0,0,0,0,0,0,1,0,0,1,0,1,1,0,0,0,1,0,1,6,2,2,33,28,9,19,0,4,2,3,25,61,30,23,0,1,0,1,0,0,0,1,0,0,2,0,1,2,0,0,0,0,2,0,1,0,0,1,0,0,0,4,1,2,1,1,1,0,0,1,1,2,0,0,1,1,0,0,2,1,0,0,10,13,8,12,5,248,48,296
TCGA-GN-A262,47,3,FEMALE,NA,NA,GN,Trunk,regional (sub)cutaneous tissue,1,0,0,0,0,0,0,0,0,NA,0,"r,0",0,0,0,0,4,1,4,1,2,0,0,1,2,2,1,0,0,0,0,0,0,1,4,3,0,1,1,0,0,0,0,1,2,13,2,2,27,65,19,38,2,10,2,3,26,98,38,37,1,0,0,1,1,0,1,1,0,0,2,0,1,2,1,3,0,0,1,2,0,2,1,2,0,0,1,5,1,1,2,0,0,0,1,0,0,0,1,0,0,0,0,2,1,0,1,0,6,18,14,18,11,384,67,451
TCGA-GN-A263,24,NA,MALE,V,YES,GN,Trunk,Primary Tumor,0,0,0,0,0,0,0,0,1,NA,0,"R,0",0,0,0,0,0,0,0,2,0,0,0,0,2,3,0,0,1,0,0,0,1,0,0,0,0,0,1,0,1,2,0,1,0,9,2,5,34,62,16,49,1,14,0,5,56,127,56,41,1,1,1,2,0,0,0,3,1,0,1,0,0,2,0,0,0,0,0,0,2,1,0,3,0,0,1,4,2,0,1,2,0,1,0,0,0,0,0,2,0,0,3,0,0,0,0,0,6,16,12,7,7,477,48,525
TCGA-GN-A264,60,7,MALE,V,NO,GN,Extremities,Regional Lymph Node,0,0,0,0,0,0,0,0,0,NA,0,"0,0",0,1,0,0,2,0,0,1,1,1,0,0,1,0,0,1,0,1,0,0,0,0,0,0,0,1,0,0,1,0,0,2,0,0,1,0,0,1,1,2,0,1,1,0,3,0,5,5,0,0,1,1,0,0,0,0,0,0,0,0,0,0,0,0,0,0,1,0,1,0,1,1,0,1,0,0,0,0,0,1,1,0,1,1,0,0,1,1,0,0,0,0,0,0,0,1,6,6,2,8,5,20,27,47
TCGA-GN-A265,53,NA,MALE,NA,NA,GN,NA,Regional Lymph Node,2,0,0,0,0,0,0,0,0,NA,0,"r,r",0,0,0,0,1,1,1,1,1,0,0,0,1,0,0,0,0,0,1,0,0,0,0,0,0,0,0,0,1,2,0,0,0,6,0,0,16,21,3,18,0,5,2,4,6,46,18,8,0,0,0,1,0,0,0,1,1,0,1,1,0,0,0,0,3,0,0,1,1,1,4,5,0,0,1,2,1,1,2,1,0,1,0,0,0,0,0,1,0,0,0,0,1,2,0,1,6,23,5,6,4,153,44,197
TCGA-GN-A266,45,NA,MALE,NA,NA,GN,NA,regional (sub)cutaneous tissue,1,0,0,0,0,0,0,0,0,NA,0,"r,0",4,4,1,3,9,10,7,19,1,3,2,3,3,12,1,6,0,1,2,2,0,4,2,3,0,5,3,1,2,7,1,10,3,100,4,32,319,430,146,361,3,84,3,73,574,1168,567,367,2,4,2,15,3,12,3,12,2,0,3,6,4,11,11,24,3,1,4,4,5,8,8,25,3,0,2,20,7,9,8,20,1,1,2,1,2,8,2,4,2,1,3,2,1,9,4,11,54,127,114,88,43,4234,426,4660
TCGA-GN-A267,38,5.2,MALE,IV,NO,GN,Trunk,Regional Lymph Node,0,0,0,0,1,0,0,0,0,156V/A,2,"R,R",1,0,0,0,2,2,0,1,0,1,0,1,1,1,0,1,1,0,0,0,0,1,0,1,0,0,0,0,1,2,0,2,2,19,4,5,32,56,28,49,1,14,4,4,39,118,46,53,0,1,1,2,1,1,0,0,0,2,0,2,1,3,2,2,0,2,0,2,1,5,1,3,0,0,0,3,0,1,2,1,1,0,0,1,1,2,0,3,0,0,2,0,0,0,0,0,10,21,18,11,8,474,68,542
TCGA-GN-A268,83,9.8,FEMALE,V,NO,GN,Extremities,Regional Lymph Node,0,0,0,0,0,0,0,0,0,NA,0,"0,0",1,1,0,0,4,0,0,0,1,0,0,0,1,4,0,0,0,0,2,0,1,0,0,2,1,0,1,0,1,1,1,0,0,14,1,1,23,41,16,20,4,13,2,6,46,109,40,27,0,1,0,2,0,0,3,1,1,1,1,0,1,0,1,1,0,0,2,0,1,2,1,2,0,1,2,7,3,2,2,1,0,0,1,0,0,0,0,0,1,0,2,1,0,0,0,0,5,26,13,12,10,363,66,429
TCGA-GN-A269,70,5,MALE,V,YES,GN,Trunk,Primary Tumor,0,0,0,0,1,0,0,0,0,NA,0,"R,0",1,1,0,0,1,3,1,2,1,0,0,0,1,0,0,2,1,0,0,0,0,3,1,0,0,2,0,0,0,2,1,0,5,24,1,5,52,75,23,72,0,20,0,15,78,208,81,73,1,1,1,0,0,0,1,4,0,0,3,0,1,2,2,1,2,1,3,2,2,1,0,5,2,0,2,8,9,0,2,4,0,0,0,0,0,0,0,2,0,0,3,2,2,1,2,4,16,43,17,13,10,732,99,831
TCGA-GN-A26A,63,2.3,FEMALE,IV,NO,GN,Trunk,regional (sub)cutaneous tissue,0,0,1,0,1,0,0,0,0,NA,0,"R,r",0,1,0,0,0,0,1,0,0,0,1,0,0,1,0,0,0,0,1,1,2,0,0,0,0,0,2,0,0,0,0,1,2,12,3,3,23,39,14,24,1,8,3,11,21,76,25,24,1,0,0,1,1,1,2,1,0,0,0,0,0,1,0,0,2,2,0,1,0,1,0,0,0,0,1,2,1,3,0,1,1,0,1,2,0,0,0,1,0,0,0,2,0,0,1,1,9,14,8,4,7,289,42,331
TCGA-GN-A26C,77,1.15,MALE,IV,YES,GN,Trunk,Primary Tumor,0,0,0,0,0,0,1,0,0,NA,0,"R,0",1,3,0,3,3,0,0,1,0,1,1,0,3,5,0,2,0,2,0,1,2,2,2,3,1,1,0,3,1,1,1,5,1,59,2,9,96,157,46,150,4,54,0,32,173,501,208,147,3,0,0,9,0,3,4,5,1,0,1,5,1,7,5,6,2,2,3,3,1,2,5,9,0,0,2,7,0,3,3,6,0,1,1,0,1,3,1,1,1,2,3,0,0,0,1,5,20,48,50,23,25,1639,166,1805
TCGA-GN-A26D,72,12,FEMALE,V,YES,GN,Extremities,Regional Lymph Node,0,0,0,0,1,0,0,0,0,NA,0,"R,0",0,1,0,0,1,2,2,1,0,0,0,0,0,3,0,1,0,0,0,0,0,1,1,1,0,0,0,1,1,0,0,2,2,0,3,2,2,0,0,0,0,1,0,1,0,4,3,0,0,1,0,0,0,0,2,0,0,0,0,0,0,0,0,0,1,0,1,0,1,1,1,0,1,0,0,0,0,0,1,1,0,0,0,0,0,0,0,0,0,0,0,0,0,0,1,0,1,8,3,11,7,18,30,48
TCGA-IH-A3EA,61,NA,MALE,NA,YES,IH,Head and Neck,Primary Tumor,0,0,0,0,0,0,0,0,0,NA,0,"0,0",4,1,2,2,7,2,0,0,1,3,1,0,5,5,2,5,1,2,3,1,1,2,1,3,0,1,1,1,5,5,0,1,0,42,4,11,128,190,57,137,0,56,9,26,201,567,195,132,3,2,4,5,1,3,1,2,2,2,8,2,2,1,2,3,2,0,2,2,2,0,2,4,2,1,5,20,12,4,1,1,0,2,1,0,0,1,3,0,1,1,7,3,3,1,1,1,25,60,43,40,28,1755,196,1951